;company;industry;symbol;category;market_cap;current_value;high_52week;low_52week;book_value;price_earnings;dividend_yield;roce;roe;sales_growth_3yr
0;Adani Ports and Special Economic Zone Ltd.;SERVICES;ADANIPORTS;Nifty 50;69087.0;333.6;451.55;293.95;90.36;28.32;0.6;14.96;14.82;18.67
1;Asian Paints Ltd.;CONSUMER GOODS;ASIANPAINT;Nifty 50;119612.0;1247.0;1488.6;1082.0;84.29;58.5;0.7;38.71;25.47;8.44
2;Axis Bank Ltd.;FINANCIAL SERVICES;AXISBANK;Nifty 50;156906.0;610.65;676.9;477.5;246.92;5525.0;0.0;4.4;0.11;8.87
3;Bajaj Auto Ltd.;AUTOMOBILE;BAJAJ-AUTO;Nifty 50;76907.0;2658.0;3472.6;2425.0;654.55;17.89;2.26;31.96;22.63;5.2
4;Bajaj Finance Ltd.;FINANCIAL SERVICES;BAJFINANCE;Nifty 50;137747.0;2383.0;2995.1;1514.4;300.47;42.21;0.17;12.74;20.27;35.08
5;Bajaj Finserv Ltd.;FINANCIAL SERVICES;BAJAJFINSV;Nifty 50;87927.0;5525.0;7200.0;4444.0;197.95;275.44;0.03;5.91;5.01;6.09
6;Bharat Petroleum Corporation Ltd.;ENERGY;BPCL;Nifty 50;65587.0;302.35;543.6;239.0;164.35;7.87;6.3;21.76;24.61;-0.25
7;Bharti Airtel Ltd.;TELECOM;BHARTIARTL;Nifty 50;120741.0;302.05;565.0;277.0;251.22;;1.77;3.58;0.73;-1.11
8;Bharti Infratel Ltd.;TELECOM;INFRATEL;Nifty 50;48515.0;262.3;443.3;241.8;89.2;18.74;5.34;19.78;14.7;7.09
9;Cipla Ltd.;PHARMA;CIPLA;Nifty 50;48887.0;607.1;678.0;508.1;175.27;29.46;0.49;13.92;10.82;3.98
10;Coal India Ltd.;METALS;COALINDIA;Nifty 50;162355.0;261.55;316.55;256.0;20.45;17.4;6.31;68.07;69.84;7.32
11;Dr. Reddy's Laboratories Ltd.;PHARMA;DRREDDY;Nifty 50;40237.0;2423.0;2687.45;1888.0;725.85;35.03;0.83;5.09;4.58;-2.22
12;Eicher Motors Ltd.;AUTOMOBILE;EICHERMOT;Nifty 50;61827.0;22674.0;32209.5;20301.1;1970.0;31.48;0.48;62.74;41.21;43.5
13;GAIL (India) Ltd.;ENERGY;GAIL;Nifty 50;83381.0;369.75;398.8;296.0;178.83;17.25;2.46;16.88;11.75;-1.76
14;Grasim Industries Ltd.;CEMENT & CEMENT PRODUCTS;GRASIM;Nifty 50;55737.0;847.6;1299.9;756.0;681.12;24.57;0.73;9.0;6.4;35.83
15;HCL Technologies Ltd.;IT;HCLTECH;Nifty 50;139893.0;1005.0;1124.5;825.1;218.79;17.6;1.19;33.57;27.07;8.77
16;HDFC Bank Ltd.;FINANCIAL SERVICES;HDFCBANK;Nifty 50;529816.0;1949.0;2219.05;1791.3;391.11;27.81;0.64;7.32;17.87;18.3
17;Hero MotoCorp Ltd.;AUTOMOBILE;HEROMOTOCO;Nifty 50;57851.0;2897.0;3862.0;2648.7;635.16;15.81;3.28;46.1;32.46;5.32
18;Hindalco Industries Ltd.;METALS;HINDALCO;Nifty 50;53990.0;240.45;283.95;192.5;214.62;34.94;0.5;6.2;3.42;7.42
19;Hindustan Petroleum Corporation Ltd.;ENERGY;HINDPETRO;Nifty 50;36602.0;240.2;450.0;163.45;172.59;5.62;7.08;22.82;29.03;2.01
20;Hindustan Unilever Ltd.;CONSUMER GOODS;HINDUNILVR;Nifty 50;354667.0;1638.0;1807.75;1227.0;32.36;60.59;1.22;109.0;77.57;3.87
21;Housing Development Finance Corporation Ltd.;FINANCIAL SERVICES;HDFC;Nifty 50;313331.0;1824.0;2051.0;1642.0;412.25;31.28;1.07;9.65;18.46;8.69
22;I T C Ltd.;CONSUMER GOODS;ITC;Nifty 50;346803.0;283.25;322.7;250.35;41.12;30.1;1.81;34.21;22.65;3.64
23;ICICI Bank Ltd.;FINANCIAL SERVICES;ICICIBANK;Nifty 50;228119.0;354.45;365.65;256.5;158.72;65.94;0.42;4.98;6.81;3.84
24;Indiabulls Housing Finance Ltd.;FINANCIAL SERVICES;IBULHSGFIN;Nifty 50;37161.0;870.9;1439.4;640.15;389.33;9.44;4.71;11.34;28.82;24.52
25;Indian Oil Corporation Ltd.;ENERGY;IOC;Nifty 50;143978.0;148.25;213.81;105.65;121.05;6.21;13.83;22.27;20.27;-1.04
26;IndusInd Bank Ltd.;FINANCIAL SERVICES;INDUSINDBK;Nifty 50;92765.0;1542.0;2037.9;1333.9;390.0;24.12;0.49;7.97;16.47;21.26
27;Infosys Ltd.;IT;INFY;Nifty 50;289297.0;662.25;754.95;459.0;144.07;17.54;3.28;29.58;24.02;9.41
28;JSW Steel Ltd.;METALS;JSWSTEEL;Nifty 50;85280.0;352.8;427.3;237.9;128.9;10.48;1.13;17.46;18.72;12.13
29;Kotak Mahindra Bank Ltd.;FINANCIAL SERVICES;KOTAKBANK;Nifty 50;216115.0;1133.0;1424.0;983.35;196.54;49.75;0.06;7.1;12.46;26.66
30;Larsen & Toubro Ltd.;CONSTRUCTION;LT;Nifty 50;190450.0;1358.0;1469.6;1176.0;345.1;33.0;1.18;14.29;10.58;9.35
31;Mahindra & Mahindra Ltd.;AUTOMOBILE;M&M;Nifty 50;97410.0;783.55;992.0;660.5;243.68;21.73;0.96;18.38;14.17;8.19
32;Maruti Suzuki India Ltd.;AUTOMOBILE;MARUTI;Nifty 50;215548.0;7135.0;10000.0;6501.65;1424.0;27.3;1.12;23.98;16.37;16.87
33;NTPC Ltd.;ENERGY;NTPC;Nifty 50;130278.0;158.0;186.35;149.45;126.63;12.65;3.24;7.65;10.43;4.74
34;Oil & Natural Gas Corporation Ltd.;ENERGY;ONGC;Nifty 50;201931.0;157.35;212.9;144.9;158.71;7.97;4.19;15.03;10.53;0.83
35;Power Grid Corporation of India Ltd.;ENERGY;POWERGRID;Nifty 50;99322.0;189.85;221.25;174.25;104.01;11.79;2.77;9.98;15.11;20.09
36;Reliance Industries Ltd.;ENERGY;RELIANCE;Nifty 50;681328.0;1075.0;1328.75;861.7;513.37;19.56;0.56;11.35;10.31;-4.12
37;State Bank of India;FINANCIAL SERVICES;SBIN;Nifty 50;254663.0;285.35;346.5;232.0;217.69;;0.0;4.5;-3.71;13.1
38;Sun Pharmaceutical Industries Ltd.;PHARMA;SUNPHARMA;Nifty 50;137205.0;571.85;678.8;434.8;82.4;130.27;0.35;2.54;1.55;-0.44
39;Tata Consultancy Services Ltd.;IT;TCS;Nifty 50;718000.0;1913.0;2273.0;1248.45;175.08;26.03;1.33;41.26;32.69;9.78
40;Tata Motors Ltd.;AUTOMOBILE;TATAMOTORS;Nifty 50;60161.0;190.3;466.95;164.55;67.96;29.99;0.0;4.2;-1.24;17.46
41;Tata Steel Ltd.;METALS;TATASTEEL;Nifty 50;64673.0;574.05;747.25;493.5;546.02;8.29;1.77;15.7;11.76;12.58
42;Tech Mahindra Ltd.;IT;TECHM;Nifty 50;67778.0;690.9;780.05;458.5;202.89;16.62;2.02;25.85;21.06;7.28
43;Titan Company Ltd.;CONSUMER GOODS;TITAN;Nifty 50;77326.0;871.0;1006.0;652.05;58.5;59.46;0.43;26.39;25.88;9.48
44;UPL Ltd.;FERTILISERS & PESTICIDES;UPL;Nifty 50;36237.0;711.45;830.0;537.9;158.01;69.82;1.13;8.12;7.03;10.83
45;UltraTech Cement Ltd.;CEMENT & CEMENT PRODUCTS;ULTRACEMCO;Nifty 50;102458.0;3731.0;4594.3;3263.7;967.96;50.16;0.28;12.51;9.25;10.78
46;Vedanta Ltd.;METALS;VEDL;Nifty 50;83971.0;225.9;355.7;197.1;215.76;29.42;9.39;5.85;3.18;11.89
47;Wipro Ltd.;IT;WIPRO;Nifty 50;144048.0;318.4;339.05;253.5;99.84;20.31;0.31;20.61;17.36;2.75
48;Yes Bank Ltd.;FINANCIAL SERVICES;YESBANK;Nifty 50;48326.0;209.1;404.0;166.15;111.45;10.78;1.29;7.42;17.67;20.54
49;Zee Entertainment Enterprises Ltd.;MEDIA & ENTERTAINMENT;ZEEL;Nifty 50;42390.0;441.35;619.35;410.3;64.77;24.17;0.66;41.44;37.69;19.15
50;ABB India Ltd.;INDUSTRIAL MANUFACTURING;ABB;Nifty Next 50;27933.0;1318.0;1744.4;1123.0;175.08;57.65;0.33;17.7;12.31;5.54
51;ACC Ltd.;CEMENT & CEMENT PRODUCTS;ACC;Nifty Next 50;27257.0;1452.0;1856.0;1255.0;511.19;27.79;1.79;15.24;10.01;4.49
52;Aditya Birla Capital Ltd.;FINANCIAL SERVICES;ABCAPITAL;Nifty Next 50;23412.0;106.35;213.8;90.1;32.45;499.29;0.0;1.34;1.05;241.0
53;Ambuja Cements Ltd.;CEMENT & CEMENT PRODUCTS;AMBUJACEM;Nifty Next 50;40517.0;204.05;284.0;188.5;102.23;31.46;1.76;8.76;6.35;1.69
54;Ashok Leyland Ltd.;AUTOMOBILE;ASHOKLEY;Nifty Next 50;34551.0;117.7;167.5;103.2;24.41;18.86;2.06;28.4;23.22;23.55
55;Aurobindo Pharma Ltd.;PHARMA;AUROPHARMA;Nifty Next 50;45783.0;781.4;826.35;527.05;170.38;26.46;0.32;19.02;19.68;8.37
56;Avenue Supermarts Ltd.;CONSUMER GOODS;DMART;Nifty Next 50;91272.0;1463.0;1682.0;1062.9;82.19;101.96;0.0;23.77;18.21;33.77
57;Bandhan Bank Ltd.;FINANCIAL SERVICES;BANDHANBNK;Nifty Next 50;50915.0;426.85;741.0;369.15;78.65;30.72;0.23;10.59;19.46;
58;Bank of Baroda;FINANCIAL SERVICES;BANKBARODA;Nifty Next 50;29074.0;109.9;191.95;90.7;164.03;;0.0;3.69;-5.98;0.53
59;Bharat Electronics Ltd.;INDUSTRIAL MANUFACTURING;BEL;Nifty Next 50;23148.0;95.0;192.95;74.3;34.57;14.35;2.11;25.36;18.32;14.69
60;Bharat Heavy Electricals Ltd.;INDUSTRIAL MANUFACTURING;BHEL;Nifty Next 50;26801.0;73.0;108.0;64.5;88.83;28.18;2.49;5.77;2.42;-1.99
61;Biocon Ltd.;PHARMA;BIOCON;Nifty Next 50;37860.0;631.0;718.35;365.25;117.13;131.55;0.16;4.06;3.21;2.57
62;Bosch Ltd.;AUTOMOBILE;BOSCHLTD;Nifty Next 50;59898.0;19625.0;22400.0;16990.4;3270.0;38.41;0.51;22.73;15.23;-1.1
63;Britannia Industries Ltd.;CONSUMER GOODS;BRITANNIA;Nifty Next 50;67301.0;5601.0;6944.1;4400.0;269.25;68.3;0.45;49.63;32.58;9.04
64;Cadila Healthcare Ltd.;PHARMA;CADILAHC;Nifty Next 50;36737.0;358.85;510.85;330.65;75.66;24.07;0.98;15.47;15.19;3.21
65;Colgate Palmolive (India) Ltd.;CONSUMER GOODS;COLPAL;Nifty Next 50;30139.0;1108.0;1285.0;1016.8;56.95;41.23;2.17;71.1;48.67;1.7
66;Container Corporation of India Ltd.;SERVICES;CONCOR;Nifty Next 50;32154.0;659.65;750.01;541.45;200.44;27.51;1.3;15.25;11.49;3.92
67;DLF Ltd.;CONSTRUCTION;DLF;Nifty Next 50;30325.0;169.95;273.95;141.2;109.54;51.21;1.18;6.36;2.27;0.43
68;Dabur India Ltd.;CONSUMER GOODS;DABUR;Nifty Next 50;65255.0;369.45;490.7;312.45;19.47;56.41;2.02;33.37;27.49;0.98
69;General Insurance Corporation of India;FINANCIAL SERVICES;GICRE;Nifty Next 50;57307.0;326.65;424.31;299.9;128.1;15.85;2.07;8.19;7.83;41.11
70;Godrej Consumer Products Ltd.;CONSUMER GOODS;GODREJCP;Nifty Next 50;73029.0;714.45;979.83;601.86;43.27;65.77;0.93;28.86;21.86;5.9
71;HDFC Standard Life Insurance Company Ltd.;FINANCIAL SERVICES;HDFCLIFE;Nifty Next 50;77858.0;386.6;547.25;307.65;26.83;63.75;0.35;30.58;25.83;5.82
72;Havells India Ltd.;CONSUMER GOODS;HAVELLS;Nifty Next 50;40415.0;646.15;728.95;454.0;61.45;50.51;0.62;27.61;19.79;16.21
73;Hindustan Zinc Ltd.;METALS;HINDZINC;Nifty Next 50;111570.0;264.05;339.55;261.15;93.66;13.02;3.03;32.69;26.51;14.3
74;ICICI Lombard General Insurance Company Ltd.;FINANCIAL SERVICES;ICICIGI;Nifty Next 50;38119.0;839.5;936.0;666.1;109.85;37.15;0.48;32.59;19.09;17.75
75;ICICI Prudential Life Insurance Company Ltd.;FINANCIAL SERVICES;ICICIPRULI;Nifty Next 50;50590.0;352.4;462.0;302.0;47.55;36.79;1.9;28.05;24.43;4.07
76;InterGlobe Aviation Ltd.;SERVICES;INDIGO;Nifty Next 50;37489.0;975.25;1520.0;697.0;160.3;146.83;0.62;39.8;36.38;18.24
77;L&T Finance Holdings Ltd.;FINANCIAL SERVICES;L&TFH;Nifty Next 50;26794.0;134.15;200.7;111.2;37.9;67.18;0.74;6.05;5.31;13.54
78;LIC Housing Finance Ltd.;FINANCIAL SERVICES;LICHSGFIN;Nifty Next 50;21728.0;430.55;613.7;387.6;251.48;10.01;1.58;9.6;16.74;11.76
79;Lupin Ltd.;PHARMA;LUPIN;Nifty Next 50;38435.0;849.9;1070.35;723.55;361.04;26.4;0.59;11.46;8.6;1.11
80;MRF Ltd.;AUTOMOBILE;MRF;Nifty Next 50;28188.0;66481.0;81423.0;59494.6;22651.0;22.61;0.09;16.86;12.01;3.94
81;Marico Ltd.;CONSUMER GOODS;MARICO;Nifty Next 50;43638.0;338.05;388.0;284.05;26.99;50.25;1.26;32.55;25.26;3.37
82;Motherson Sumi Systems Ltd.;AUTOMOBILE;MOTHERSUMI;Nifty Next 50;54474.0;172.5;395.0;146.84;19.57;62.19;0.87;17.36;14.66;14.45
83;NHPC Ltd.;ENERGY;NHPC;Nifty Next 50;24981.0;24.35;34.5;22.2;27.61;9.49;5.75;6.45;5.33;0.7
84;NMDC Ltd.;METALS;NMDC;Nifty Next 50;36337.0;114.85;162.55;93.5;76.97;9.77;3.74;25.52;15.77;-2.04
85;Oil India Ltd.;ENERGY;OIL;Nifty Next 50;22795.0;200.85;259.36;180.15;245.92;7.8;4.98;11.01;9.36;3.01
86;Oracle Financial Services Software Ltd.;IT;OFSS;Nifty Next 50;30393.0;3545.0;4655.0;3329.55;380.53;27.64;3.65;45.85;31.02;4.95
87;Petronet LNG Ltd.;ENERGY;PETRONET;Nifty Next 50;33608.0;224.05;275.45;202.0;67.04;15.27;2.01;29.97;23.34;-8.16
88;Pidilite Industries Ltd.;CHEMICALS;PIDILITIND;Nifty Next 50;50251.0;989.3;1194.8;748.75;73.06;50.83;0.61;38.43;27.45;6.78
89;Piramal Enterprises Ltd.;PHARMA;PEL;Nifty Next 50;39326.0;2153.0;3302.55;1796.75;1047.0;46.37;1.15;6.2;3.31;11.05
90;Procter & Gamble Hygiene & Health Care Ltd.;CONSUMER GOODS;PGHH;Nifty Next 50;31468.0;9694.0;11000.0;8499.95;248.15;78.06;4.01;63.57;40.31;4.2
91;SBI Life Insurance Company Ltd.;FINANCIAL SERVICES;SBILIFE;Nifty Next 50;56330.0;563.3;774.75;487.0;70.91;46.31;0.36;23.65;19.05;13.5
92;Shree Cement Ltd.;CEMENT & CEMENT PRODUCTS;SHREECEM;Nifty Next 50;51439.0;14764.0;19842.3;13125.0;2554.0;42.04;0.34;18.08;16.34;16.25
93;Shriram Transport Finance Co. Ltd.;FINANCIAL SERVICES;SRTRANSFIN;Nifty Next 50;28451.0;1254.0;1670.6;903.5;641.73;16.43;0.88;10.9;12.4;12.42
94;Siemens Ltd.;INDUSTRIAL MANUFACTURING;SIEMENS;Nifty Next 50;34218.0;960.85;1330.1;841.0;219.23;40.5;0.73;15.64;10.32;1.04
95;Steel Authority of India Ltd.;METALS;SAIL;Nifty Next 50;28728.0;69.55;101.4;61.75;89.22;14.97;0.0;2.66;-1.21;8.03
96;Sun TV Network Ltd.;MEDIA & ENTERTAINMENT;SUNTV;Nifty Next 50;26136.0;663.2;1097.05;566.5;131.02;19.84;1.51;37.51;24.71;8.46
97;The New India Assurance Company Ltd.;FINANCIAL SERVICES;NIACL;Nifty Next 50;37302.0;226.35;382.13;195.0;95.2;15.96;1.93;8.97;7.21;18.2
98;United Spirits Ltd.;CONSUMER GOODS;MCDOWELL-N;Nifty Next 50;44681.0;614.9;800.69;439.0;38.66;66.51;0.0;16.72;21.66;0.76
99;Vodafone Idea Ltd.;TELECOM;IDEA;Nifty Next 50;35466.0;40.6;118.0;32.55;29.39;;0.0;3.62;-3.49;10.45
100;3M India Ltd.;SERVICES;3MINDIA;Nifty Midcap 150;22859.0;20283.0;26679.25;14566.0;1508.0;65.65;0.0;34.63;22.48;11.57
101;AIA Engineering Ltd.;INDUSTRIAL MANUFACTURING;AIAENG;Nifty Midcap 150;16113.0;1709.0;1887.0;1325.0;316.22;30.99;0.47;20.51;16.39;0.89
102;AU Small Finance Bank Ltd.;FINANCIAL SERVICES;AUBANK;Nifty Midcap 150;16348.0;559.65;746.95;502.0;77.49;49.51;0.09;8.31;13.79;37.0
103;Adani Power Ltd.;ENERGY;ADANIPOWER;Nifty Midcap 150;19227.0;49.85;52.75;15.2;24.62;;0.0;1.91;-21.39;-7.69
104;Adani Transmission Ltd.;ENERGY;ADANITRANS;Nifty Midcap 150;19681.0;178.95;252.0;115.0;35.03;6604.0;0.0;7.73;-1.19;232.0
105;Aditya Birla Fashion and Retail Ltd.;CONSUMER GOODS;ABFRL;Nifty Midcap 150;14906.0;193.15;215.55;132.15;14.97;75.95;0.0;8.82;11.66;57.07
106;Ajanta Pharmaceuticals Ltd.;PHARMA;AJANTPHARM;Nifty Midcap 150;9553.0;1085.0;1592.0;897.6;248.35;19.18;0.0;32.76;24.89;10.41
107;Alembic Pharmaceuticals Ltd.;PHARMA;APLLTD;Nifty Midcap 150;11110.0;589.4;664.0;412.4;130.99;18.09;0.68;22.7;20.59;13.41
108;Alkem Laboratories Ltd.;PHARMA;ALKEM;Nifty Midcap 150;22824.0;1909.0;2468.0;1742.0;430.95;35.62;0.68;19.47;15.86;19.75
109;Amara Raja Batteries Ltd.;AUTOMOBILE;AMARAJABAT;Nifty Midcap 150;13508.0;790.8;907.75;665.45;171.97;27.88;0.52;24.92;16.73;12.9
110;Apollo Hospitals Enterprise Ltd.;HEALTHCARE SERVICES;APOLLOHOSP;Nifty Midcap 150;16052.0;1154.0;1262.0;911.1;265.49;62.18;0.43;8.84;6.52;16.5
111;Apollo Tyres Ltd.;AUTOMOBILE;APOLLOTYRE;Nifty Midcap 150;12625.0;220.7;307.15;192.1;126.92;16.35;1.36;11.89;9.89;4.73
112;Astral Poly Technik Ltd.;INDUSTRIAL MANUFACTURING;ASTRAL;Nifty Midcap 150;12172.0;1016.0;1188.75;731.0;79.21;94.83;0.06;19.29;13.48;9.23
113;Avanti Feeds Ltd.;CONSUMER GOODS;AVANTIFEED;Nifty Midcap 150;5592.0;410.45;999.0;350.0;68.84;16.02;0.97;82.55;54.4;18.11
114;Bajaj Holdings & Investment Ltd.;FINANCIAL SERVICES;BAJAJHLDNG;Nifty Midcap 150;31329.0;2815.0;3250.0;2203.65;933.06;29.48;1.42;18.06;16.89;13.59
115;Balkrishna Industries Ltd.;AUTOMOBILE;BALKRISIND;Nifty Midcap 150;21512.0;1113.0;1467.4;864.25;211.84;26.35;0.72;21.82;18.33;5.6
116;Bank of India;FINANCIAL SERVICES;BANKINDIA;Nifty Midcap 150;14685.0;84.25;216.7;73.3;172.07;;0.0;3.15;-22.14;-4.29
117;Bata India Ltd.;CONSUMER GOODS;BATAINDIA;Nifty Midcap 150;12938.0;1007.0;1116.0;656.8;121.08;50.06;0.4;25.43;16.02;-0.81
118;Berger Paints India Ltd.;CONSUMER GOODS;BERGEPAINT;Nifty Midcap 150;29558.0;304.4;349.0;232.0;22.3;65.14;0.59;30.56;20.71;8.92
119;Bharat Financial Inclusion Ltd.;FINANCIAL SERVICES;BHARATFIN;Nifty Midcap 150;13353.0;952.9;1248.65;824.3;257.08;17.78;0.0;11.54;16.72;37.83
120;Bharat Forge Ltd.;INDUSTRIAL MANUFACTURING;BHARATFORG;Nifty Midcap 150;28273.0;607.25;799.65;541.1;99.83;33.19;0.74;19.45;17.75;5.34
121;Blue Dart Express Ltd.;SERVICES;BLUEDART;Nifty Midcap 150;6518.0;2747.0;4815.45;2620.0;263.68;52.99;0.46;28.93;24.87;7.15
122;CRISIL Ltd.;FINANCIAL SERVICES;CRISIL;Nifty Midcap 150;10835.0;1503.0;2020.85;1259.0;109.91;43.69;1.85;40.55;27.83;9.23
123;Canara Bank;FINANCIAL SERVICES;CANBK;Nifty Midcap 150;17855.0;243.5;411.45;205.15;396.59;;0.0;3.9;-14.7;-1.94
124;Castrol India Ltd.;ENERGY;CASTROLIND;Nifty Midcap 150;14476.0;146.35;214.43;134.85;10.8;20.89;4.78;105.0;67.98;1.85
125;Central Bank of India;FINANCIAL SERVICES;CENTRALBK;Nifty Midcap 150;8300.0;31.7;93.5;27.0;56.74;;0.0;3.03;-35.27;-3.09
126;Century Textile & Industries Ltd.;CEMENT & CEMENT PRODUCTS;CENTURYTEX;Nifty Midcap 150;9519.0;852.2;1471.85;718.25;261.57;18.38;0.76;14.1;14.8;2.71
127;Cholamandalam Investment and Finance Company Ltd.;FINANCIAL SERVICES;CHOLAFIN;Nifty Midcap 150;20688.0;1323.0;1760.75;1038.75;363.31;18.16;0.49;11.59;20.65;13.71
128;City Union Bank Ltd.;FINANCIAL SERVICES;CUB;Nifty Midcap 150;12387.0;169.25;207.15;134.35;56.88;19.46;0.16;7.57;15.31;8.03
129;Coromandel International Ltd.;FERTILISERS & PESTICIDES;COROMANDEL;Nifty Midcap 150;12420.0;424.75;588.0;340.0;111.18;17.14;1.53;21.65;22.12;-1.02
130;Crompton Greaves Consumer Electricals Ltd.;CONSUMER GOODS;CROMPTON;Nifty Midcap 150;13683.0;218.3;295.0;190.2;13.63;38.66;0.8;42.19;49.54;
131;Cummins India Ltd.;INDUSTRIAL MANUFACTURING;CUMMINSIND;Nifty Midcap 150;21297.0;768.3;993.45;611.75;145.91;29.26;1.95;21.2;17.3;4.88
132;Dewan Housing Finance Corporation Ltd.;FINANCIAL SERVICES;DHFL;Nifty Midcap 150;7261.0;231.4;690.0;176.05;280.3;5.39;2.38;9.78;13.97;20.46
133;Dilip Buildcon Ltd.;CONSTRUCTION;DBL;Nifty Midcap 150;5845.0;427.35;1248.35;365.4;179.65;7.64;0.23;23.26;29.44;43.45
134;Dish TV India Ltd.;MEDIA & ENTERTAINMENT;DISHTV;Nifty Midcap 150;7945.0;43.15;87.0;36.05;36.86;105.61;0.0;2.58;0.95;2.12
135;Divi's Laboratories Ltd.;PHARMA;DIVISLAB;Nifty Midcap 150;39800.0;1499.0;1522.3;978.5;237.46;34.61;0.67;21.37;15.34;7.36
136;EIH Ltd.;SERVICES;EIHOTEL;Nifty Midcap 150;9453.0;165.4;231.5;137.6;48.63;75.83;0.54;6.38;4.21;0.38
137;Edelweiss Financial Services Ltd.;FINANCIAL SERVICES;EDELWEISS;Nifty Midcap 150;16233.0;174.35;342.0;128.0;36.59;112.7;0.76;8.57;5.62;21.04
138;Emami Ltd.;CONSUMER GOODS;EMAMILTD;Nifty Midcap 150;19145.0;421.75;714.01;386.05;41.72;60.17;0.83;22.71;20.28;5.05
139;Endurance Technologies Ltd.;AUTOMOBILE;ENDURANCE;Nifty Midcap 150;17662.0;1256.0;1579.0;1040.0;135.66;53.31;0.32;23.04;17.02;9.76
140;Engineers India Ltd.;CONSTRUCTION;ENGINERSIN;Nifty Midcap 150;7577.0;119.9;206.2;100.45;35.89;19.78;3.34;22.59;14.98;1.43
141;Escorts Ltd.;AUTOMOBILE;ESCORTS;Nifty Midcap 150;8286.0;676.0;1018.5;542.6;224.37;19.37;0.3;21.78;14.92;7.81
142;Exide Industries Ltd.;AUTOMOBILE;EXIDEIND;Nifty Midcap 150;21552.0;253.55;304.65;192.85;63.4;30.07;0.95;20.08;13.46;10.54
143;Federal Bank Ltd.;FINANCIAL SERVICES;FEDERALBNK;Nifty Midcap 150;16329.0;82.4;119.35;67.05;61.59;17.49;1.21;6.05;8.32;9.54
144;Finolex Cables Ltd.;INDUSTRIAL MANUFACTURING;FINCABLES;Nifty Midcap 150;7726.0;505.15;750.0;452.5;143.45;22.29;0.79;24.84;17.6;4.75
145;Future Consumer Ltd.;CONSUMER GOODS;FCONSUMER;Nifty Midcap 150;8449.0;44.1;79.45;35.25;6.8;228.43;0.0;5.23;3.16;30.92
146;Future Retail Ltd.;CONSUMER GOODS;FRETAIL;Nifty Midcap 150;25292.0;503.25;639.54;423.4;61.61;40.17;0.0;19.78;21.85;120.0
147;GE T&D India Ltd.;INDUSTRIAL MANUFACTURING;GET&D;Nifty Midcap 150;6150.0;240.2;472.5;228.0;46.46;26.84;0.75;29.52;18.46;5.29
148;GMR Infrastructure Ltd.;CONSTRUCTION;GMRINFRA;Nifty Midcap 150;10231.0;16.95;25.0;14.55;7.61;;0.0;2.74;-8.83;19.4
149;Gillette India Ltd.;CONSUMER GOODS;GILLETTE;Nifty Midcap 150;21313.0;6540.0;7196.9;5808.7;213.0;92.64;2.51;53.54;35.56;1.36
150;GlaxoSmithkline Consumer Healthcare Ltd.;CONSUMER GOODS;GSKCONS;Nifty Midcap 150;29943.0;7119.0;7840.0;5320.05;853.84;35.17;1.05;32.53;21.18;0.07
151;Glaxosmithkline Pharmaceuticals Ltd.;PHARMA;GLAXO;Nifty Midcap 150;24403.0;1441.0;1812.0;1020.0;112.86;61.39;1.21;25.61;16.67;-4.41
152;Glenmark Pharmaceuticals Ltd.;PHARMA;GLENMARK;Nifty Midcap 150;17678.0;626.45;711.55;483.6;368.24;15.49;0.32;11.04;10.25;7.16
153;Godrej Agrovet Ltd.;CONSUMER GOODS;GODREJAGRO;Nifty Midcap 150;10028.0;522.2;736.8;492.7;67.12;49.5;0.86;21.66;17.42;3.58
154;Godrej Industries Ltd.;CONSUMER GOODS;GODREJIND;Nifty Midcap 150;16069.0;477.7;656.9;434.1;53.53;1677.0;0.37;4.46;-1.25;10.53
155;Godrej Properties Ltd.;CONSTRUCTION;GODREJPROP;Nifty Midcap 150;13907.0;606.45;917.0;462.0;119.8;200.33;0.0;6.17;4.91;22.76
156;Graphite India Ltd.;INDUSTRIAL MANUFACTURING;GRAPHITE;Nifty Midcap 150;19124.0;978.7;1126.4;530.5;133.15;10.98;1.74;58.9;41.02;25.48
157;Gruh Finance Ltd.;FINANCIAL SERVICES;GRUH;Nifty Midcap 150;21811.0;297.8;;;22.69;50.34;0.55;10.77;29.08;16.75
158;Gujarat Gas Ltd.;ENERGY;GUJGASLTD;Nifty Midcap 150;8734.0;634.4;973.95;598.85;140.39;30.28;0.63;16.55;16.97;-11.82
159;Gujarat State Petronet Ltd.;ENERGY;GSPL;Nifty Midcap 150;10260.0;181.95;235.5;156.95;89.82;15.54;0.96;15.79;13.98;7.75
160;H.E.G. Ltd.;INDUSTRIAL MANUFACTURING;HEG;Nifty Midcap 150;16707.0;4181.0;4950.0;1570.75;807.35;6.34;1.91;90.57;80.52;30.79
161;Hatsun Agro Product Ltd.;CONSUMER GOODS;HATSUN;Nifty Midcap 150;10121.0;626.0;956.42;568.15;49.8;108.15;0.6;13.99;25.17;13.49
162;Hexaware Technologies Ltd.;IT;HEXAWARE;Nifty Midcap 150;9250.0;311.6;557.4;308.1;55.31;20.74;1.28;34.46;28.47;9.7
163;Hindustan Aeronautics Ltd.;INDUSTRIAL MANUFACTURING;HAL;Nifty Midcap 150;25301.0;756.65;1184.0;740.0;359.86;12.04;4.26;25.16;16.85;
164;Honeywell Automation India Ltd.;INDUSTRIAL MANUFACTURING;HONAUT;Nifty Midcap 150;17980.0;20340.0;24178.0;14712.0;1779.0;58.05;0.16;29.96;19.43;3.82
165;Housing & Urban Development Corporation Ltd.;FINANCIAL SERVICES;HUDCO;Nifty Midcap 150;8989.0;44.9;89.5;40.15;49.06;9.75;1.22;8.06;8.41;6.89
166;ICICI Securities Ltd.;FINANCIAL SERVICES;ISEC;Nifty Midcap 150;7833.0;243.15;462.7;224.9;29.55;13.9;3.87;75.79;84.64;
167;IDBI Bank Ltd.;FINANCIAL SERVICES;IDBI;Nifty Midcap 150;26742.0;59.15;89.8;47.0;35.73;;0.0;1.28;-52.58;-6.48
168;IDFC Bank Ltd.;FINANCIAL SERVICES;IDFCBANK;Nifty Midcap 150;12120.0;35.6;70.35;32.7;44.81;;2.11;7.23;5.75;
169;IIFL Holdings Ltd.;FINANCIAL SERVICES;IIFL;Nifty Midcap 150;14457.0;453.1;872.7;341.0;46.47;78.05;1.1;13.6;13.83;13.01
170;Indiabulls Ventures Ltd.;FINANCIAL SERVICES;IBVENTURES;Nifty Midcap 150;25092.0;414.75;819.95;208.79;68.37;317.01;0.18;7.62;5.7;-2.11
171;Indian Bank;FINANCIAL SERVICES;INDIANB;Nifty Midcap 150;11933.0;248.45;428.0;211.0;329.53;10.89;2.41;5.26;8.33;2.58
172;Indian Hotels Co. Ltd.;SERVICES;INDHOTEL;Nifty Midcap 150;15585.0;131.05;160.6;109.2;36.95;73.01;0.31;9.7;4.95;8.48
173;Indraprastha Gas Ltd.;ENERGY;IGL;Nifty Midcap 150;19730.0;281.85;344.2;215.2;50.18;28.79;0.14;30.83;19.99;7.65
174;Info Edge (India) Ltd.;IT;NAUKRI;Nifty Midcap 150;17958.0;1471.0;1693.65;1125.0;182.95;70.88;0.37;18.44;11.71;14.41
175;JM Financial Ltd.;FINANCIAL SERVICES;JMFINANCIL;Nifty Midcap 150;6458.0;76.9;179.9;64.25;30.02;52.75;2.34;8.54;6.64;32.79
176;JSW Energy Ltd.;ENERGY;JSWENERGY;Nifty Midcap 150;10781.0;65.7;97.5;56.0;64.4;66.72;0.0;6.53;-4.78;-12.57
177;Jindal Steel & Power Ltd.;METALS;JINDALSTEL;Nifty Midcap 150;17888.0;184.8;294.15;156.5;235.47;38.25;0.0;4.44;-0.07;9.65
178;Jubilant Foodworks Ltd.;CONSUMER GOODS;JUBLFOOD;Nifty Midcap 150;14254.0;1080.0;1575.0;795.3;87.56;49.76;0.23;33.21;21.87;12.84
179;Jubilant Life Sciences Ltd.;PHARMA;JUBILANT;Nifty Midcap 150;11188.0;702.35;1039.0;603.0;144.13;38.88;0.43;13.57;12.28;1.39
180;KIOCL Ltd.;METALS;KIOCL;Nifty Midcap 150;10384.0;163.65;506.45;136.0;33.82;144.8;0.65;2.84;2.91;43.26
181;KRBL Ltd.;CONSUMER GOODS;KRBL;Nifty Midcap 150;7960.0;338.15;673.0;296.4;105.04;16.65;0.68;23.17;22.25;1.95
182;Kansai Nerolac Paints Ltd.;CONSUMER GOODS;KANSAINER;Nifty Midcap 150;21010.0;389.85;608.0;343.4;59.7;42.63;0.67;25.14;16.64;9.77
183;L&T Technology Services Ltd.;IT;LTTS;Nifty Midcap 150;17396.0;1673.0;1852.5;815.1;187.81;28.88;0.94;38.98;28.0;11.05
184;Larsen & Toubro Infotech Ltd.;IT;LTI;Nifty Midcap 150;29513.0;1703.0;1990.0;802.0;220.35;22.02;1.25;42.07;32.96;13.33
185;Mahanagar Gas Ltd.;ENERGY;MGL;Nifty Midcap 150;8338.0;844.15;1345.0;757.0;212.13;17.3;2.25;36.89;24.29;2.15
186;Mahindra & Mahindra Financial Services Ltd.;FINANCIAL SERVICES;M&MFIN;Nifty Midcap 150;26598.0;430.55;537.5;351.0;161.55;19.21;0.92;9.75;11.3;8.7
187;Mahindra CIE Automotive Ltd.;INDUSTRIAL MANUFACTURING;MAHINDCIE;Nifty Midcap 150;9943.0;262.6;301.8;199.2;94.7;70.1;0.0;3.65;2.1;6.08
188;Manappuram Finance Ltd.;FINANCIAL SERVICES;MANAPPURAM;Nifty Midcap 150;6987.0;82.9;130.45;66.4;45.26;10.22;2.41;14.0;19.65;14.01
189;Mangalore Refinery & Petrochemicals Ltd.;ENERGY;MRPL;Nifty Midcap 150;14494.0;82.7;140.0;61.25;62.95;6.07;3.63;20.45;21.4;-5.53
190;Max Financial Services Ltd.;FINANCIAL SERVICES;MFSL;Nifty Midcap 150;10929.0;407.15;610.0;343.95;73.82;82.85;0.0;6.46;6.46;-26.72
191;MindTree Ltd.;IT;MINDTREE;Nifty Midcap 150;13200.0;803.95;1181.9;473.0;189.7;18.25;1.37;27.7;22.9;14.5
192;Motilal Oswal Financial Services Ltd.;FINANCIAL SERVICES;MOTILALOFS;Nifty Midcap 150;9973.0;685.2;1585.0;549.75;169.73;38.19;1.24;23.33;26.59;114.0
193;MphasiS Ltd.;IT;MPHASIS;Nifty Midcap 150;18389.0;950.75;1278.0;687.2;185.95;23.8;2.1;21.71;17.42;2.66
194;Muthoot Finance Ltd.;FINANCIAL SERVICES;MUTHOOTFIN;Nifty Midcap 150;17465.0;436.4;518.0;356.55;193.91;9.39;2.29;16.65;24.1;12.62
195;NATCO Pharma Ltd.;PHARMA;NATCOPHARM;Nifty Midcap 150;14305.0;774.75;1061.95;637.4;169.28;18.12;1.06;34.18;28.62;42.97
196;NBCC (India) Ltd.;CONSTRUCTION;NBCC;Nifty Midcap 150;10593.0;58.85;145.88;51.0;10.12;30.68;0.94;28.84;19.09;10.29
197;NLC India Ltd.;ENERGY;NLCINDIA;Nifty Midcap 150;12473.0;81.6;119.75;65.0;87.24;11.97;5.51;13.99;14.81;11.81
198;National Aluminium Co. Ltd.;METALS;NATIONALUM;Nifty Midcap 150;13395.0;69.3;96.65;56.55;54.35;10.32;8.23;11.56;6.94;8.8
199;Oberoi Realty Ltd.;CONSTRUCTION;OBEROIRLTY;Nifty Midcap 150;15539.0;427.35;609.4;351.75;162.77;29.64;0.44;12.44;9.73;11.69
200;PC Jeweller Ltd.;CONSUMER GOODS;PCJEWELLER;Nifty Midcap 150;3481.0;88.2;600.65;46.9;99.48;6.07;0.57;25.07;16.93;14.32
201;PI Industries Ltd.;FERTILISERS & PESTICIDES;PIIND;Nifty Midcap 150;11041.0;800.6;1035.0;691.8;146.94;30.49;0.5;25.3;20.81;5.49
202;PNB Housing Finance Ltd.;FINANCIAL SERVICES;PNBHOUSING;Nifty Midcap 150;14590.0;871.25;1475.0;694.0;376.6;16.56;1.03;9.48;13.98;45.79
203;Page Industries Ltd.;TEXTILES;PAGEIND;Nifty Midcap 150;32664.0;29295.0;36335.95;17280.0;759.91;84.6;0.45;64.15;45.88;18.24
204;Pfizer Ltd.;PHARMA;PFIZER;Nifty Midcap 150;13350.0;2918.0;3840.0;1723.1;586.52;33.82;0.69;21.48;14.11;2.04
205;Phoenix Mills Ltd.;CONSTRUCTION;PHOENIXLTD;Nifty Midcap 150;8787.0;573.6;725.0;480.0;167.65;55.5;0.45;8.18;6.19;8.19
206;Power Finance Corporation Ltd.;FINANCIAL SERVICES;PFC;Nifty Midcap 150;24711.0;93.6;148.15;67.6;144.97;4.69;8.33;10.04;15.34;2.19
207;Prestige Estates Projects Ltd.;CONSTRUCTION;PRESTIGE;Nifty Midcap 150;7052.0;188.05;356.1;163.75;108.35;32.39;0.64;5.54;4.81;6.9
208;Punjab National Bank;FINANCIAL SERVICES;PNB;Nifty Midcap 150;21223.0;69.05;211.95;58.65;121.65;;0.0;1.87;-32.44;1.2
209;Quess Corp Ltd.;SERVICES;QUESS;Nifty Midcap 150;10983.0;751.8;1300.0;678.0;168.69;55.09;0.0;9.96;14.0;22.95
210;RBL Bank Ltd.;FINANCIAL SERVICES;RBLBANK;Nifty Midcap 150;22212.0;522.3;652.0;438.8;157.15;30.1;0.4;6.95;11.53;32.15
211;REC Ltd.;FINANCIAL SERVICES;RECLTD;Nifty Midcap 150;23452.0;118.75;183.95;89.1;179.71;4.87;7.71;9.51;13.51;3.23
212;Rajesh Exports Ltd.;CONSUMER GOODS;RAJESHEXPO;Nifty Midcap 150;16834.0;570.05;872.3;544.0;140.54;37.95;0.18;8.39;11.18;-3.89
213;Reliance Capital Ltd.;FINANCIAL SERVICES;RELCAPITAL;Nifty Midcap 150;6395.0;253.05;626.3;221.85;560.64;8.47;4.35;8.6;5.96;-5.91
214;Reliance Infrastructure Ltd.;ENERGY;RELINFRA;Nifty Midcap 150;9874.0;375.45;589.8;274.5;835.95;7.45;2.53;11.27;5.34;-4.8
215;Reliance Nippon Life Asset Management Ltd.;FINANCIAL SERVICES;RNAM;Nifty Midcap 150;10217.0;166.95;334.45;143.1;40.0;20.39;3.59;34.5;24.65;23.02
216;Reliance Power Ltd.;ENERGY;RPOWER;Nifty Midcap 150;8794.0;31.35;65.2;23.55;65.22;;0.0;1.66;0.01;-31.24
217;SJVN Ltd.;ENERGY;SJVN;Nifty Midcap 150;11043.0;28.1;40.15;24.95;27.21;10.35;7.47;12.67;10.71;-7.48
218;SKF India Ltd.;INDUSTRIAL MANUFACTURING;SKFINDIA;Nifty Midcap 150;9188.0;1790.0;2010.0;1610.0;375.59;28.46;0.67;24.43;16.21;4.45
219;SRF Ltd.;TEXTILES;SRF;Nifty Midcap 150;11259.0;1959.0;2443.0;1531.0;623.47;25.2;0.62;11.37;12.3;8.23
220;Sanofi India Ltd.;PHARMA;SANOFI;Nifty Midcap 150;13612.0;5910.0;6840.05;4250.0;896.53;36.08;1.2;26.45;16.72;7.6
221;Shriram City Union Finance Ltd.;FINANCIAL SERVICES;SHRIRAMCIT;Nifty Midcap 150;10346.0;1568.0;2454.05;1480.05;884.3;13.77;1.15;11.18;12.55;13.06
222;Solar Industries India Ltd.;CHEMICALS;SOLARINDS;Nifty Midcap 150;9008.0;995.45;1320.0;941.05;86.31;56.54;0.6;23.96;18.74;8.14
223;Sterlite Technologies Ltd.;TELECOM;STRTECH;Nifty Midcap 150;15066.0;374.55;414.5;255.6;28.64;39.96;0.53;22.61;26.36;-1.85
224;Sun Pharma Advanced Research Company Ltd.;PHARMA;SPARC;Nifty Midcap 150;7535.0;294.35;532.4;282.0;7.22;;0.0;-195.0;-199.0;-20.5
225;Sundaram Finance Ltd.;FINANCIAL SERVICES;SUNDARMFIN;Nifty Midcap 150;16314.0;1468.0;1945.3;1340.05;385.01;29.63;0.82;10.63;13.81;4.46
226;Sundram Fasteners Ltd.;AUTOMOBILE;SUNDRMFAST;Nifty Midcap 150;11193.0;532.75;688.0;470.0;82.66;27.76;0.86;26.99;25.31;12.49
227;Supreme Industries Ltd.;INDUSTRIAL MANUFACTURING;SUPREMEIND;Nifty Midcap 150;12656.0;996.35;1489.95;945.9;136.43;26.62;1.2;33.55;24.87;5.29
228;Symphony Ltd.;CONSUMER GOODS;SYMPHONY;Nifty Midcap 150;7093.0;1014.0;2212.75;811.85;86.25;46.88;0.44;48.26;34.47;14.08
229;Syngene International Ltd.;PHARMA;SYNGENE;Nifty Midcap 150;11494.0;574.7;699.8;491.75;79.02;37.03;0.17;15.78;18.34;18.28
230;TI Financial Holdings Ltd.;FINANCIAL SERVICES;TIFIN;Nifty Midcap 150;9198.0;490.05;740.0;468.25;55.59;141.37;0.25;6.18;5.98;-74.37
231;TV18 Broadcast Ltd.;MEDIA & ENTERTAINMENT;TV18BRDCST;Nifty Midcap 150;6523.0;38.05;70.9;32.0;22.24;77.74;0.0;4.13;2.57;6.69
232;TVS Motor Company Ltd.;AUTOMOBILE;TVSMOTOR;Nifty Midcap 150;26294.0;553.45;794.9;478.7;67.87;38.79;0.6;24.09;24.44;14.64
233;Tata Chemicals Ltd.;CHEMICALS;TATACHEM;Nifty Midcap 150;17735.0;696.15;786.95;623.5;433.0;9.11;3.16;7.52;5.12;-29.95
234;Tata Global Beverages Ltd.;CONSUMER GOODS;TATAGLOBAL;Nifty Midcap 150;13737.0;217.65;328.8;205.75;68.15;30.29;1.15;14.92;10.93;3.71
235;Tata Power Co. Ltd.;ENERGY;TATAPOWER;Nifty Midcap 150;20556.0;76.0;101.75;59.9;57.19;15.23;1.71;8.11;7.11;-2.8
236;The Ramco Cements Ltd.;CEMENT & CEMENT PRODUCTS;RAMCOCEM;Nifty Midcap 150;14214.0;603.35;878.95;546.3;178.12;30.19;0.5;16.39;14.3;6.53
237;Thermax Ltd.;INDUSTRIAL MANUFACTURING;THERMAX;Nifty Midcap 150;12293.0;1032.0;1375.0;878.05;215.31;46.53;0.58;15.96;10.22;-5.63
238;Thomas Cook (India) Ltd.;SERVICES;THOMASCOOK;Nifty Midcap 150;7861.0;212.15;302.9;193.1;46.63;65.69;0.18;2.51;7.68;56.04
239;Torrent Pharmaceuticals Ltd.;PHARMA;TORNTPHARM;Nifty Midcap 150;27593.0;1631.0;1871.95;1206.0;281.29;43.18;0.86;9.28;9.78;6.75
240;Torrent Power Ltd.;ENERGY;TORNTPOWER;Nifty Midcap 150;12321.0;256.35;306.95;212.1;180.54;11.85;1.95;13.19;11.96;3.89
241;Trent Ltd.;CONSUMER GOODS;TRENT;Nifty Midcap 150;10880.0;327.4;391.75;290.0;49.41;90.04;0.35;11.55;7.91;15.99
242;Union Bank of India;FINANCIAL SERVICES;UNIONBANK;Nifty Midcap 150;8852.0;75.75;184.25;61.4;194.72;;0.0;3.67;-23.96;0.69
243;United Breweries Ltd.;CONSUMER GOODS;UBL;Nifty Midcap 150;33279.0;1259.0;1464.2;908.0;101.68;73.3;0.16;22.1;15.71;6.18
244;V-Guard Industries Ltd.;INDUSTRIAL MANUFACTURING;VGUARD;Nifty Midcap 150;8319.0;194.95;254.9;159.1;18.74;61.21;0.36;25.78;19.29;10.12
245;Vakrangee Ltd.;IT;VAKRANGEE;Nifty Midcap 150;2488.0;23.5;515.4;23.5;24.29;7.74;1.06;42.19;28.54;31.97
246;Varun Beverages Ltd.;CONSUMER GOODS;VBL;Nifty Midcap 150;13806.0;755.95;849.0;486.0;144.12;43.54;0.33;12.5;10.69;14.9
247;Voltas Ltd.;CONSTRUCTION;VOLTAS;Nifty Midcap 150;18149.0;548.5;675.0;471.0;106.2;38.14;0.73;21.06;15.52;3.97
248;WABCO India Ltd.;AUTOMOBILE;WABCOINDIA;Nifty Midcap 150;12618.0;6655.0;8480.0;5999.95;804.79;43.01;0.12;25.69;18.29;24.0
249;Whirlpool of India Ltd.;CONSUMER GOODS;WHIRLPOOL;Nifty Midcap 150;17268.0;1361.0;1858.85;1248.0;155.8;44.64;0.29;33.29;21.41;14.14
250;8K Miles Soft Services Ltd.;IT;8KMILES;Nifty Smallcap 250;203.55;66.7;1024.0;55.0;25.62;24.41;0.0;10.85;5.71;59.81
251;APL Apollo Tubes Ltd.;METALS;APLAPOLLO;Nifty Smallcap 250;2911.0;1227.0;2587.0;1160.7;381.63;25.2;1.14;15.57;13.16;28.01
252;Aarti Industries Ltd.;CHEMICALS;AARTIIND;Nifty Smallcap 250;11244.0;1383.0;1434.95;851.0;207.1;29.05;0.07;16.3;22.4;9.05
253;Advanced Enzyme Tech Ltd.;CONSUMER GOODS;ADVENZYMES;Nifty Smallcap 250;2138.0;191.5;323.35;166.1;27.2;47.4;0.21;15.07;13.19;19.31
254;Aegis Logistics Ltd.;ENERGY;AEGISCHEM;Nifty Smallcap 250;7343.0;219.85;300.0;174.65;23.02;76.23;0.57;11.69;13.22;13.41
255;Akzo Nobel India Ltd.;CONSUMER GOODS;AKZOINDIA;Nifty Smallcap 250;7082.0;1555.0;1999.0;1471.0;283.05;17.69;1.45;40.11;33.44;3.64
256;Allahabad Bank;FINANCIAL SERVICES;ALBK;Nifty Smallcap 250;6195.0;42.9;83.85;33.25;42.77;;0.0;2.15;-57.27;-6.03
257;Allcargo Logistics Ltd.;SERVICES;ALLCARGO;Nifty Smallcap 250;2493.0;101.45;228.8;91.7;53.6;44.67;1.97;5.37;3.16;1.69
258;Andhra Bank;FINANCIAL SERVICES;ANDHRABANK;Nifty Smallcap 250;4982.0;28.65;68.8;25.2;57.41;;0.0;2.74;-33.3;3.17
259;Ashoka Buildcon Ltd.;CONSTRUCTION;ASHOKA;Nifty Smallcap 250;3331.0;118.65;196.73;93.15;68.62;13.38;0.45;16.83;12.96;7.55
260;Aster DM Healthcare Ltd.;HEALTHCARE SERVICES;ASTERDM;Nifty Smallcap 250;7876.0;155.9;194.0;140.1;57.91;;0.0;-1.22;-3.85;115.0
261;Atul Ltd.;CHEMICALS;ATUL;Nifty Smallcap 250;9911.0;3342.0;3460.0;2380.0;809.63;26.85;0.36;19.0;13.13;7.02
262;BASF India Ltd.;CHEMICALS;BASF;Nifty Smallcap 250;6931.0;1601.0;2430.0;1588.1;314.69;81.38;0.19;9.34;9.88;5.87
263;BEML Ltd.;INDUSTRIAL MANUFACTURING;BEML;Nifty Smallcap 250;2869.0;688.9;1812.95;521.0;488.1;47.08;1.16;8.29;5.91;4.93
264;BSE Ltd.;FINANCIAL SERVICES;BSE;Nifty Smallcap 250;3236.0;624.85;;;535.7;13.93;5.92;11.47;11.6;14.9
265;Bajaj Corp Ltd.;CONSUMER GOODS;BAJAJCORP;Nifty Smallcap 250;5205.0;352.85;525.0;342.0;41.44;24.1;3.4;52.95;42.64;0.69
266;Bajaj Electricals Ltd;CONSUMER GOODS;BAJAJELEC;Nifty Smallcap 250;5101.0;498.55;706.35;361.45;96.3;31.88;0.7;19.55;12.97;3.61
267;Balmer Lawrie & Co. Ltd.;SERVICES;BALMLAWRIE;Nifty Smallcap 250;2227.0;195.35;302.0;175.0;110.16;11.49;5.12;21.77;15.26;-14.28
268;Balrampur Chini Mills Ltd.;CONSUMER GOODS;BALRAMCHIN;Nifty Smallcap 250;2500.0;109.45;170.75;58.8;76.58;13.65;2.28;12.83;13.89;13.28
269;Bharat Dynamics Ltd.;INDUSTRIAL MANUFACTURING;BDL;Nifty Smallcap 250;5304.0;289.4;428.0;260.0;106.74;8.88;2.99;37.4;25.44;17.32
270;Birla Corporation Ltd.;CEMENT & CEMENT PRODUCTS;BIRLACORPN;Nifty Smallcap 250;4591.0;596.1;1290.0;521.0;533.39;36.36;1.09;5.29;3.77;5.08
271;Bliss GVS Pharma Ltd.;PHARMA;BLISSGVS;Nifty Smallcap 250;1864.0;180.8;230.0;161.0;56.95;20.99;0.55;15.42;10.9;-1.64
272;Blue Star Ltd.;CONSUMER GOODS;BLUESTARCO;Nifty Smallcap 250;5485.0;569.5;845.0;507.3;97.74;40.71;1.75;16.98;13.6;12.75
273;Bombay Burmah Trading Corporation Ltd.;CONSUMER GOODS;BBTC;Nifty Smallcap 250;9523.0;1365.0;2113.85;1082.05;41.69;;0.07;-1.93;-12.59;-4.76
274;Bombay Dyeing & Manufacturing Co. Ltd.;TEXTILES;BOMDYEING;Nifty Smallcap 250;2494.0;120.75;321.6;82.35;30.83;21.69;0.83;19.46;39.36;3.86
275;Brigade Enterprises Ltd.;CONSTRUCTION;BRIGADE;Nifty Smallcap 250;2400.0;176.3;324.65;157.1;171.02;11.23;1.13;11.18;8.67;8.12
276;CARE Ratings Ltd.;FINANCIAL SERVICES;CARERATING;Nifty Smallcap 250;3158.0;1072.0;1551.0;1005.0;186.13;21.17;5.13;41.29;28.6;7.73
277;CCL Products (I) Ltd.;CONSUMER GOODS;CCL;Nifty Smallcap 250;3567.0;268.15;354.6;225.05;45.62;34.38;0.93;20.46;17.27;7.01
278;CG Power and Industrial Solutions Ltd.;INDUSTRIAL MANUFACTURING;CGPOWER;Nifty Smallcap 250;2344.0;37.4;99.0;34.6;61.28;18.93;0.0;7.0;1.31;3.26
279;Can Fin Homes Ltd.;FINANCIAL SERVICES;CANFINHOME;Nifty Smallcap 250;3657.0;274.65;557.35;217.0;110.06;11.89;0.73;10.2;24.9;23.68
280;Capital First Ltd.;FINANCIAL SERVICES;CAPF;Nifty Smallcap 250;4733.0;477.75;902.0;437.25;283.04;13.52;0.59;9.19;12.88;36.52
281;Caplin Point Laboratories Ltd.;PHARMA;CAPLIPOINT;Nifty Smallcap 250;3284.0;434.4;718.0;336.4;46.83;28.28;0.46;58.32;40.81;21.09
282;Carborundum Universal Ltd.;INDUSTRIAL MANUFACTURING;CARBORUNIV;Nifty Smallcap 250;6848.0;362.25;428.0;314.35;64.63;39.74;0.62;18.57;12.92;10.72
283;Ceat Ltd.;AUTOMOBILE;CEATLTD;Nifty Smallcap 250;4791.0;1184.0;2030.0;983.8;657.4;13.7;0.97;16.8;12.19;3.83
284;Central Depository Services (India) Ltd.;FINANCIAL SERVICES;CDSL;Nifty Smallcap 250;2557.0;244.7;;;47.51;33.52;1.43;22.04;16.09;22.78
285;Century Plyboards (India) Ltd.;CONSUMER GOODS;CENTURYPLY;Nifty Smallcap 250;3982.0;179.25;364.1;150.1;37.72;23.72;0.56;17.08;20.07;7.93
286;Cera Sanitaryware Ltd;CONSTRUCTION;CERA;Nifty Smallcap 250;3185.0;2449.0;4300.0;2300.0;465.14;31.12;0.49;25.83;17.03;12.89
287;Chambal Fertilizers & Chemicals Ltd.;FERTILISERS & PESTICIDES;CHAMBLFERT;Nifty Smallcap 250;6037.0;145.05;209.45;128.25;68.81;12.1;1.31;11.32;17.24;-5.63
288;Chennai Petroleum Corporation Ltd.;ENERGY;CHENNPETRO;Nifty Smallcap 250;4080.0;274.0;476.9;221.2;248.97;5.46;6.76;20.87;25.46;-8.07
289;Cochin Shipyard Ltd.;INDUSTRIAL MANUFACTURING;COCHINSHIP;Nifty Smallcap 250;5292.0;389.3;598.9;356.0;243.32;11.52;3.08;22.07;14.86;14.15
290;Coffee Day Enterprises Ltd.;CONSUMER GOODS;COFFEEDAY;Nifty Smallcap 250;5716.0;270.6;374.6;214.4;88.8;;0.0;2.26;-3.34;67.5
291;Cyient Ltd.;IT;CYIENT;Nifty Smallcap 250;6999.0;619.2;887.0;520.0;196.86;15.01;2.09;26.18;19.98;3.62
292;D.B.Corp Ltd.;MEDIA & ENTERTAINMENT;DBCORP;Nifty Smallcap 250;2882.0;164.8;389.0;152.85;99.67;10.32;0.64;27.15;18.41;5.04
293;DCB Bank Ltd.;FINANCIAL SERVICES;DCBBANK;Nifty Smallcap 250;4925.0;159.25;206.5;139.5;82.65;18.64;0.47;7.07;10.91;19.26
294;DCM Shriram Ltd.;CONSUMER GOODS;DCMSHRIRAM;Nifty Smallcap 250;6396.0;402.5;628.05;222.55;201.94;9.44;2.09;25.54;24.09;7.36
295;Deepak Fertilisers & Petrochemicals Corp. Ltd.;CHEMICALS;DEEPAKFERT;Nifty Smallcap 250;1841.0;208.7;499.8;181.95;183.2;17.86;2.87;6.84;7.07;-4.92
296;Delta Corp Ltd.;SERVICES;DELTACORP;Nifty Smallcap 250;6740.0;248.75;401.3;198.1;67.37;45.19;0.4;11.04;7.17;24.63
297;Den Networks Ltd.;MEDIA & ENTERTAINMENT;DEN;Nifty Smallcap 250;1336.0;68.25;149.55;45.1;41.38;;0.0;1.86;-2.45;7.93
298;Dena Bank;FINANCIAL SERVICES;DENABANK;Nifty Smallcap 250;3581.0;15.85;28.8;13.75;35.9;;0.0;2.69;-26.16;-6.03
299;Dishman Carbogen Amcis Ltd.;PHARMA;DCAL;Nifty Smallcap 250;3692.0;228.75;396.55;202.6;293.09;69.08;0.0;1.8;0.75;
300;Dixon Technologies (India) Ltd.;CONSUMER GOODS;DIXON;Nifty Smallcap 250;2424.0;2140.0;4490.85;2041.0;290.81;42.61;0.0;33.15;23.15;25.61
301;Dr. Lal Path Labs Ltd.;HEALTHCARE SERVICES;LALPATHLAB;Nifty Smallcap 250;7396.0;887.45;1120.0;789.0;93.52;42.34;0.51;37.53;24.62;17.17
302;Dredging Corporation of India Ltd.;SERVICES;DREDGECORP;Nifty Smallcap 250;911.4;325.5;920.0;286.6;551.46;56.86;0.61;1.41;0.66;-6.96
303;E.I.D. Parry (India) Ltd.;FERTILISERS & PESTICIDES;EIDPARRY;Nifty Smallcap 250;3945.0;222.9;391.95;177.0;92.55;17.51;1.35;10.39;11.82;-2.63
304;Elgi Equipments Ltd.;INDUSTRIAL MANUFACTURING;ELGIEQUIP;Nifty Smallcap 250;4193.0;264.6;350.0;225.6;38.83;51.24;0.45;17.65;13.76;9.68
305;Equitas Holdings Ltd.;FINANCIAL SERVICES;EQUITAS;Nifty Smallcap 250;3811.0;111.7;173.4;78.0;51.92;416.91;0.0;0.5;0.32;15.01
306;Eris Lifesciences Ltd.;PHARMA;ERIS;Nifty Smallcap 250;9300.0;676.3;896.0;566.0;63.13;32.58;0.0;35.04;40.31;11.55
307;Eros Intl Media Ltd.;MEDIA & ENTERTAINMENT;EROSMEDIA;Nifty Smallcap 250;849.82;89.35;259.85;61.65;157.13;8.41;0.0;10.41;5.52;-12.92
308;Eveready Industries India Ltd.;CONSUMER GOODS;EVEREADY;Nifty Smallcap 250;1382.0;190.15;465.0;175.5;47.37;23.22;0.79;18.64;16.03;4.43
309;Excel Crop Care Ltd.;FERTILISERS & PESTICIDES;EXCELCROP;Nifty Smallcap 250;4305.0;3914.0;4800.0;1850.0;536.56;46.47;0.22;25.52;17.02;4.9
310;FDC Ltd.;PHARMA;FDC;Nifty Smallcap 250;3525.0;202.1;319.0;182.95;72.38;18.54;0.0;19.07;13.65;6.57
311;Finolex Industries Ltd.;INDUSTRIAL MANUFACTURING;FINPIPE;Nifty Smallcap 250;6706.0;540.4;723.0;463.4;216.56;17.28;1.85;16.88;11.67;3.4
312;Firstsource Solutions Ltd.;IT;FSL;Nifty Smallcap 250;4092.0;59.25;83.85;36.0;29.98;22.12;2.52;10.13;9.02;-1.97
313;Future Lifestyle Fashions Ltd.;CONSUMER GOODS;FLFL;Nifty Smallcap 250;7286.0;374.6;481.0;334.95;79.71;62.04;0.31;13.33;9.41;11.64
314;GE Power India Ltd.;INDUSTRIAL MANUFACTURING;GEPIL;Nifty Smallcap 250;5553.0;825.95;1048.0;639.0;123.57;38.13;0.36;26.31;-3.4;-14.28
315;GHCL Ltd.;CHEMICALS;GHCL;Nifty Smallcap 250;2116.0;215.95;357.5;189.5;175.39;7.22;2.3;18.88;24.53;7.24
316;GVK Power & Infrastructures Ltd.;CONSTRUCTION;GVKPIL;Nifty Smallcap 250;1271.0;8.05;27.85;6.7;10.96;20.77;0.0;3.96;0.65;-14.3
317;Galaxy Surfactants Ltd.;CHEMICALS;GALAXYSURF;Nifty Smallcap 250;4230.0;1193.0;1742.8;1121.0;187.81;29.12;0.59;21.79;18.23;4.58
318;Gateway Distriparks Ltd.;SERVICES;GDL;Nifty Smallcap 250;1447.0;133.1;274.9;131.0;63.35;34.06;5.26;6.9;4.89;5.93
319;Gayatri Projects Ltd.;CONSTRUCTION;GAYAPROJ;Nifty Smallcap 250;3447.0;184.15;227.5;151.5;59.99;17.83;0.0;14.37;20.16;22.07
320;Godfrey Phillips India Ltd.;CONSUMER GOODS;GODFRYPHLP;Nifty Smallcap 250;4117.0;791.8;1079.75;640.45;342.85;18.79;1.01;12.64;8.87;-3.66
321;Granules India Ltd.;PHARMA;GRANULES;Nifty Smallcap 250;2571.0;101.15;150.5;71.75;52.28;17.32;0.99;12.71;12.87;10.73
322;Great Eastern Shipping Co. Ltd.;SERVICES;GESHIP;Nifty Smallcap 250;4686.0;310.8;482.4;266.1;310.46;;2.32;4.61;2.25;5.93
323;Greaves Cotton Ltd.;INDUSTRIAL MANUFACTURING;GREAVESCOT;Nifty Smallcap 250;2906.0;119.0;165.0;111.1;41.14;16.43;4.62;25.94;17.73;2.0
324;Greenply Industries Ltd.;CONSUMER GOODS;GREENPLY;Nifty Smallcap 250;1681.0;137.05;401.05;110.0;74.62;13.04;0.44;14.65;16.37;2.42
325;Grindwell Norton Ltd.;INDUSTRIAL MANUFACTURING;GRINDWELL;Nifty Smallcap 250;5486.0;495.45;589.85;460.0;90.19;33.14;1.01;22.79;15.07;8.17
326;Gujarat Alkalies & Chemicals Ltd.;CHEMICALS;GUJALKALI;Nifty Smallcap 250;4344.0;591.55;932.35;433.75;520.51;6.98;1.1;18.33;13.95;8.01
327;Gujarat Fluorochemicals Ltd.;INDUSTRIAL MANUFACTURING;GUJFLUORO;Nifty Smallcap 250;9732.0;885.5;934.0;722.4;316.57;23.49;0.4;13.42;11.34;15.88
328;Gujarat Mineral Development Corporation Ltd.;METALS;GMDCLTD;Nifty Smallcap 250;2762.0;86.85;177.0;81.35;131.52;6.68;4.03;13.34;10.38;13.22
329;Gujarat Narmada Valley Fertilizers and Chemicals Ltd.;CHEMICALS;GNFC;Nifty Smallcap 250;5918.0;380.8;547.0;315.55;303.04;5.7;1.97;23.81;18.97;7.94
330;Gujarat Pipavav Port Ltd.;SERVICES;GPPL;Nifty Smallcap 250;4755.0;98.35;168.4;97.65;41.73;23.65;3.46;15.26;9.85;-9.21
331;Gujarat State Fertilizers & Chemicals Ltd.;FERTILISERS & PESTICIDES;GSFC;Nifty Smallcap 250;4626.0;116.1;166.3;85.6;180.18;7.11;1.9;6.9;6.88;5.69
332;Gulf Oil Lubricants India Ltd.;ENERGY;GULFOILLUB;Nifty Smallcap 250;3612.0;725.4;1098.5;618.0;93.88;21.97;1.44;40.25;38.57;11.25
333;HCL Infosystems Ltd.;IT;HCL-INSYS;Nifty Smallcap 250;882.28;26.8;69.55;21.15;14.77;;0.0;2.72;-14.69;-11.88
334;HSIL Ltd.;CONSUMER GOODS;HSIL;Nifty Smallcap 250;1857.0;256.9;564.35;219.0;202.16;35.18;1.56;6.61;5.4;7.37
335;Hathway Cable & Datacom Ltd.;MEDIA & ENTERTAINMENT;HATHWAY;Nifty Smallcap 250;2584.0;30.0;48.5;15.15;12.24;52.96;0.0;7.56;6.0;-18.97
336;HeidelbergCement India Ltd.;CEMENT & CEMENT PRODUCTS;HEIDELBERG;Nifty Smallcap 250;3389.0;149.55;189.25;122.1;47.63;18.31;1.67;16.84;13.16;-3.0
337;Heritage Foods Ltd.;CONSUMER GOODS;HERITGFOOD;Nifty Smallcap 250;2367.0;510.1;885.1;421.0;165.33;30.05;0.39;55.11;8.89;4.18
338;Himachal Fut Com Ltd.;TELECOM;HFCL;Nifty Smallcap 250;2553.0;20.6;36.65;18.45;10.41;13.45;0.0;16.86;13.95;6.37
339;Himadri Speciality Chemical Ltd.;CHEMICALS;HSCL;Nifty Smallcap 250;5462.0;130.55;197.0;103.55;34.81;20.29;0.08;21.59;19.14;12.65
340;Himatsingka Seide Ltd.;TEXTILES;HIMATSEIDE;Nifty Smallcap 250;2310.0;234.65;444.35;212.7;123.6;11.03;1.07;13.56;17.8;19.24
341;Hindustan Construction Co. Ltd.;CONSTRUCTION;HCC;Nifty Smallcap 250;1401.0;13.8;45.0;9.39;12.09;2.71;0.0;11.53;3.12;3.43
342;Hindustan Copper Ltd.;METALS;HINDCOPPER;Nifty Smallcap 250;4746.0;51.3;110.55;45.1;16.51;45.35;0.0;7.16;5.31;18.37
343;IDFC Ltd.;FINANCIAL SERVICES;IDFC;Nifty Smallcap 250;6066.0;38.0;68.0;34.3;61.24;46.11;1.97;1.65;1.53;26.89
344;IFB Industries Ltd.;CONSUMER GOODS;IFBIND;Nifty Smallcap 250;3625.0;894.65;1542.9;850.0;147.34;48.0;0.0;22.04;15.37;19.42
345;IFCI Ltd.;FINANCIAL SERVICES;IFCI;Nifty Smallcap 250;2425.0;14.3;34.55;11.5;34.08;;0.0;0.95;-18.84;-5.95
346;IL&FS Transportation Networks Ltd.;CONSTRUCTION;IL&FSTRANS;Nifty Smallcap 250;644.76;19.6;97.35;17.8;93.52;;0.0;12.82;8.53;0.13
347;IRB Infrastructure Developers Ltd.;CONSTRUCTION;IRB;Nifty Smallcap 250;5110.0;145.4;286.0;117.5;72.95;12.73;3.44;10.52;17.51;14.02
348;ITD Cementation India Ltd.;CONSTRUCTION;ITDCEM;Nifty Smallcap 250;1960.0;114.1;234.9;108.0;58.05;16.02;0.32;23.66;15.3;11.0
349;ITI Ltd.;TELECOM;ITI;Nifty Smallcap 250;7248.0;80.8;161.8;69.4;18.15;31.12;0.0;80.47;;36.95
350;India Cements Ltd.;CEMENT & CEMENT PRODUCTS;INDIACEM;Nifty Smallcap 250;2939.0;94.9;205.9;80.05;167.94;30.87;0.84;5.63;2.02;5.37
351;India Tourism Development Corporation Ltd.;SERVICES;ITDC;Nifty Smallcap 250;2583.0;301.15;595.0;270.5;39.22;;0.61;0.58;2.39;-10.04
352;Indiabulls Real Estate Ltd.;CONSTRUCTION;IBREALEST;Nifty Smallcap 250;3720.0;82.55;263.65;69.9;143.39;;0.0;3.36;-0.49;32.38
353;Indian Energy Exchange Ltd.;FINANCIAL SERVICES;IEX;Nifty Smallcap 250;4751.0;156.65;177.11;140.5;9.35;33.41;1.4;71.26;46.87;13.19
354;Indian Overseas Bank ;FINANCIAL SERVICES;IOB;Nifty Smallcap 250;7141.0;14.6;27.0;11.05;22.84;;0.0;1.6;-55.4;-9.21
355;Indo Count Industries Ltd.;TEXTILES;ICIL;Nifty Smallcap 250;1323.0;67.0;138.7;53.0;44.75;11.63;1.19;19.58;14.88;1.9
356;Indoco Remedies Ltd.;PHARMA;INDOCO;Nifty Smallcap 250;1749.0;189.75;317.0;150.25;73.31;34.35;0.53;7.45;6.03;6.74
357;Infibeam Avenues Ltd.;IT;INFIBEAM;Nifty Smallcap 250;2504.0;37.75;242.8;27.65;38.78;;0.22;2.48;0.79;119.0
358;Inox Leisure Ltd.;MEDIA & ENTERTAINMENT;INOXLEISUR;Nifty Smallcap 250;2197.0;227.75;326.0;189.65;74.59;17.75;0.0;15.52;20.35;12.23
359;Inox Wind Ltd.;INDUSTRIAL MANUFACTURING;INOXWIND;Nifty Smallcap 250;1944.0;87.6;158.4;73.0;90.55;;0.0;-3.17;-7.53;-55.94
360;Intellect Design Arena Ltd.;IT;INTELLECT;Nifty Smallcap 250;3273.0;249.3;283.2;135.0;65.51;20.63;0.0;4.21;3.44;14.01
361;Ipca Laboratories Ltd.;PHARMA;IPCALAB;Nifty Smallcap 250;8903.0;704.65;822.8;509.0;213.29;27.92;0.14;9.33;8.83;1.13
362;J.B. Chemicals & Pharmaceuticals Ltd.;PHARMA;JBCHEPHARM;Nifty Smallcap 250;2587.0;309.6;351.0;236.0;182.54;17.32;0.65;9.41;6.71;5.61
363;J.K. Cement Ltd.;CEMENT & CEMENT PRODUCTS;JKCEMENT;Nifty Smallcap 250;4895.0;699.95;1193.95;650.0;311.38;16.85;1.43;15.57;17.67;11.0
364;J.Kumar Infraprojects Ltd.;CONSTRUCTION;JKIL;Nifty Smallcap 250;1027.0;135.7;375.0;118.0;199.4;6.8;1.47;14.14;9.42;15.15
365;JK Lakshmi Cement Ltd.;CEMENT & CEMENT PRODUCTS;JKLAKSHMI;Nifty Smallcap 250;3162.0;268.7;484.0;249.55;123.5;45.55;0.28;7.36;3.73;13.93
366;JK Tyre & Industries Ltd.;AUTOMOBILE;JKTYRE;Nifty Smallcap 250;2478.0;109.25;192.95;87.7;77.0;9.46;1.37;6.75;2.74;2.11
367;Jagran Prakashan Ltd.;MEDIA & ENTERTAINMENT;JAGRAN;Nifty Smallcap 250;3176.0;107.15;192.2;102.05;41.54;13.45;2.94;22.7;15.74;4.53
368;Jai Corp Ltd.;INDUSTRIAL MANUFACTURING;JAICORPLTD;Nifty Smallcap 250;1938.0;108.6;223.3;90.2;70.71;51.15;0.0;5.47;2.36;-5.59
369;Jain Irrigation Systems Ltd.;INDUSTRIAL MANUFACTURING;JISLJALEQS;Nifty Smallcap 250;3809.0;74.95;150.4;55.1;89.7;13.42;1.35;9.92;6.54;0.35
370;Jaiprakash Associates Ltd.;CEMENT & CEMENT PRODUCTS;JPASSOCIAT;Nifty Smallcap 250;1642.0;6.75;27.25;5.75;42.47;;0.0;-2.22;-39.96;-22.02
371;Jaiprakash Power Ventures Ltd.;ENERGY;JPPOWER;Nifty Smallcap 250;1199.0;2.0;10.2;1.71;15.62;;0.0;4.14;-5.5;-5.0
372;Jammu & Kashmir Bank Ltd.;FINANCIAL SERVICES;J&KBANK;Nifty Smallcap 250;2317.0;41.6;87.8;35.2;99.51;9.37;0.0;4.67;3.83;-2.12
373;Jet Airways (India) Ltd.;SERVICES;JETAIRWAYS;Nifty Smallcap 250;2603.0;229.15;883.65;163.0;-637.5;;0.0;3.82;;5.96
374;Jindal Saw Ltd.;METALS;JINDALSAW;Nifty Smallcap 250;2812.0;87.95;182.0;67.6;184.92;6.74;1.36;10.04;6.87;3.31
375;Jindal Stainless (Hisar) Ltd.;METALS;JSLHISAR;Nifty Smallcap 250;2441.0;103.45;252.0;87.6;59.17;6.71;0.0;23.73;36.25;7.92
376;Jindal Stainless Ltd.;METALS;JSL;Nifty Smallcap 250;2530.0;52.8;132.4;46.5;50.21;6.95;0.0;14.22;15.71;21.61
377;Johnson Controls - Hitachi Air Conditioning India Ltd.;CONSUMER GOODS;JCHAC;Nifty Smallcap 250;4838.0;1779.0;2750.0;1505.0;213.47;53.8;0.08;29.31;20.56;11.59
378;Justdial Ltd.;IT;JUSTDIAL;Nifty Smallcap 250;3308.0;490.75;648.0;358.3;162.13;21.42;0.0;21.48;15.87;9.85
379;Jyothy Laboratories Ltd.;CONSUMER GOODS;JYOTHYLAB;Nifty Smallcap 250;6955.0;191.3;249.0;162.5;20.34;39.67;0.13;20.3;21.64;5.74
380;K.P.R. Mill Ltd.;TEXTILES;KPRMILL;Nifty Smallcap 250;4351.0;599.65;848.5;562.0;190.41;15.81;0.13;20.57;18.24;6.48
381;KNR Constructions Ltd.;CONSTRUCTION;KNRCON;Nifty Smallcap 250;2701.0;192.05;348.8;163.3;82.34;9.7;0.21;23.8;26.22;30.15
382;Kajaria Ceramics Ltd.;CONSTRUCTION;KAJARIACER;Nifty Smallcap 250;6496.0;408.65;763.9;316.2;90.06;27.75;0.73;30.29;19.98;4.94
383;Kalpataru Power Transmission Ltd.;ENERGY;KALPATPOWR;Nifty Smallcap 250;5650.0;368.2;535.95;268.5;188.68;16.03;0.68;20.44;12.29;9.09
384;Karnataka Bank Ltd.;FINANCIAL SERVICES;KTKBANK;Nifty Smallcap 250;2945.0;104.2;171.65;92.3;176.71;7.88;2.88;5.92;6.71;4.9
385;Karur Vysya Bank Ltd.;FINANCIAL SERVICES;KARURVYSYA;Nifty Smallcap 250;6287.0;78.65;120.4;73.85;78.37;24.98;0.69;6.2;6.11;1.84
386;Kaveri Seed Company Ltd.;CONSUMER GOODS;KSCL;Nifty Smallcap 250;3172.0;502.45;659.95;433.0;161.77;14.51;0.63;21.02;20.28;-11.53
387;Kec International Ltd.;CONSTRUCTION;KEC;Nifty Smallcap 250;7826.0;304.4;442.6;244.2;84.59;17.26;0.79;28.39;23.31;11.09
388;Kolte-Patil Developers Ltd.;CONSTRUCTION;KOLTEPATIL;Nifty Smallcap 250;1840.0;242.65;404.6;207.3;100.97;18.66;0.82;17.49;12.43;58.55
389;Lakshmi Machine Works Ltd.;INDUSTRIAL MANUFACTURING;LAXMIMACH;Nifty Smallcap 250;6515.0;5947.0;9380.0;5500.0;1601.0;28.14;0.67;18.01;12.7;1.54
390;Lakshmi Vilas Bank Ltd.;FINANCIAL SERVICES;LAKSHVILAS;Nifty Smallcap 250;2311.0;90.25;174.41;67.95;84.37;;0.0;3.53;-28.33;11.16
391;Laurus Labs Ltd.;PHARMA;LAURUSLABS;Nifty Smallcap 250;3906.0;367.0;579.25;330.3;143.27;33.73;0.41;13.71;12.1;15.18
392;Lemon Tree Hotels Ltd.;SERVICES;LEMONTREE;Nifty Smallcap 250;5463.0;68.95;91.0;57.3;12.13;227.42;0.0;4.79;2.34;7.11
393;Linde India Ltd.;CHEMICALS;LINDEINDIA;Nifty Smallcap 250;4003.0;469.35;598.85;386.0;164.98;146.19;0.21;5.0;1.7;10.88
394;Lux Industries Ltd.;TEXTILES;LUXIND;Nifty Smallcap 250;3999.0;1584.0;2089.95;1194.65;142.81;44.27;0.13;24.93;27.99;7.77
395;MAS Financial Services Ltd.;FINANCIAL SERVICES;MASFIN;Nifty Smallcap 250;2738.0;500.85;665.5;365.0;130.61;22.76;0.73;18.04;19.86;23.62
396;MMTC Ltd.;SERVICES;MMTC;Nifty Smallcap 250;4440.0;29.6;67.77;24.05;9.66;94.49;0.68;4.42;3.84;-3.46
397;MOIL Ltd.;METALS;MOIL;Nifty Smallcap 250;4512.0;175.15;276.75;154.1;113.69;10.02;1.71;23.12;15.06;16.95
398;Magma Fincorp Ltd.;FINANCIAL SERVICES;MAGMA;Nifty Smallcap 250;2910.0;108.05;193.5;94.45;81.56;13.83;0.65;9.84;9.5;-0.6
399;Mahindra Holidays & Resorts India Ltd.;SERVICES;MHRIL;Nifty Smallcap 250;2959.0;221.55;389.0;191.25;19.05;30.04;1.79;30.58;18.73;10.95
400;Mahindra Logistics Ltd.;SERVICES;MAHLOG;Nifty Smallcap 250;3824.0;537.45;652.95;405.0;63.05;50.1;0.28;25.47;16.21;19.58
401;Manpasand Beverages Ltd.;CONSUMER GOODS;MANPASAND;Nifty Smallcap 250;1081.0;94.4;498.85;78.6;112.21;10.86;0.53;8.91;7.71;38.15
402;Max India Ltd.;HEALTHCARE SERVICES;MAXINDIA;Nifty Smallcap 250;1864.0;69.45;142.75;65.0;65.12;467.22;0.0;0.86;0.38;
403;McLeod Russel India Ltd.;CONSUMER GOODS;MCLEODRUSS;Nifty Smallcap 250;1455.0;132.95;248.3;126.0;165.45;20.66;0.38;11.31;4.95;4.76
404;Merck Ltd.;PHARMA;MERCK;Nifty Smallcap 250;5147.0;3101.0;3549.0;1041.25;465.67;36.47;0.48;19.38;12.04;8.37
405;Minda Corporation Ltd.;AUTOMOBILE;MINDACORP;Nifty Smallcap 250;3054.0;134.4;229.0;106.0;36.62;32.18;0.41;16.33;16.18;12.87
406;Minda Industries Ltd.;AUTOMOBILE;MINDAIND;Nifty Smallcap 250;8884.0;338.8;455.0;282.0;36.99;63.68;0.27;20.01;17.72;10.51
407;Monsanto India Ltd.;FERTILISERS & PESTICIDES;MONSANTO;Nifty Smallcap 250;4405.0;2552.0;3358.0;2401.0;402.2;21.32;1.18;29.56;28.28;6.81
408;NCC Ltd.;CONSTRUCTION;NCC;Nifty Smallcap 250;4787.0;79.7;141.85;63.1;70.62;11.22;1.25;16.17;8.98;-3.06
409;NESCO Ltd.;SERVICES;NESCO;Nifty Smallcap 250;3082.0;437.4;647.2;405.0;143.16;17.99;0.53;25.97;19.07;16.02
410;NIIT Technologies Ltd.;IT;NIITTECH;Nifty Smallcap 250;7317.0;1188.0;1425.0;606.0;250.99;27.74;1.26;19.8;16.1;6.93
411;Narayana Hrudayalaya Ltd.;HEALTHCARE SERVICES;NH;Nifty Smallcap 250;4989.0;244.15;320.5;206.0;55.58;146.36;0.0;8.87;5.43;12.21
412;National Fertilizers Ltd.;FERTILISERS & PESTICIDES;NFL;Nifty Smallcap 250;1761.0;35.9;79.65;32.1;42.84;7.53;0.0;8.86;9.82;1.55
413;Nava Bharat Ventures Ltd.;ENERGY;NBVENTURES;Nifty Smallcap 250;2219.0;124.25;184.2;108.1;158.76;11.45;1.21;8.36;5.97;4.31
414;Navin Fluorine International Ltd.;CHEMICALS;NAVINFLUOR;Nifty Smallcap 250;3202.0;647.6;878.75;582.0;203.55;19.92;1.54;27.08;18.41;16.94
415;Navkar Corporation Ltd.;SERVICES;NAVKARCORP;Nifty Smallcap 250;1002.0;66.55;218.85;65.25;115.25;11.67;0.0;7.19;6.36;9.21
416;Network18 Media & Investments Ltd.;MEDIA & ENTERTAINMENT;NETWORK18;Nifty Smallcap 250;4381.0;41.85;64.0;39.3;18.74;;0.0;0.48;-2.38;-1.81
417;Nilkamal Ltd.;INDUSTRIAL MANUFACTURING;NILKAMAL;Nifty Smallcap 250;2359.0;1581.0;2133.3;1495.0;561.15;19.26;0.82;23.23;15.65;5.1
418;Omaxe Ltd.;CONSTRUCTION;OMAXE;Nifty Smallcap 250;3902.0;213.35;235.15;202.95;105.23;76.33;0.33;8.66;3.34;10.84
419;Orient Cement Ltd.;CEMENT & CEMENT PRODUCTS;ORIENTCEM;Nifty Smallcap 250;1838.0;89.7;183.8;80.7;49.88;86.25;0.84;8.58;4.43;12.83
420;Oriental Bank of Commerce;FINANCIAL SERVICES;ORIENTBANK;Nifty Smallcap 250;4993.0;78.9;146.2;58.1;164.07;;0.0;2.87;-50.96;-4.48
421;PNC Infratech Ltd.;CONSTRUCTION;PNCINFRA;Nifty Smallcap 250;3579.0;139.5;228.4;122.7;70.43;11.05;0.36;13.64;14.34;5.95
422;PTC India Fin Serv Ltd.;FINANCIAL SERVICES;PFS;Nifty Smallcap 250;995.54;15.5;44.1;13.9;36.43;696.18;1.29;6.81;1.04;14.05
423;PTC India Ltd.;ENERGY;PTC;Nifty Smallcap 250;2341.0;79.1;128.1;64.6;108.77;7.43;5.06;14.55;10.05;11.79
424;PVR Ltd.;MEDIA & ENTERTAINMENT;PVR;Nifty Smallcap 250;6517.0;1394.0;1567.5;1064.55;239.34;47.57;0.14;14.97;12.11;17.52
425;Parag Milk Foods Ltd.;CONSUMER GOODS;PARAGMILK;Nifty Smallcap 250;2171.0;258.05;414.95;223.0;91.13;21.5;0.29;14.99;11.6;10.4
426;Persistent Systems Ltd.;IT;PERSISTENT;Nifty Smallcap 250;4482.0;560.25;915.0;540.0;272.1;12.36;1.78;22.54;16.97;11.72
427;Phillips Carbon Black Ltd.;CHEMICALS;PHILIPCARB;Nifty Smallcap 250;3982.0;231.05;318.98;157.4;88.65;11.84;1.04;17.38;18.39;1.03
428;Praj Industries Ltd.;INDUSTRIAL MANUFACTURING;PRAJIND;Nifty Smallcap 250;1972.0;108.3;131.5;72.5;37.86;51.49;1.49;4.64;3.63;-4.55
429;Prism Johnson Ltd.;CEMENT & CEMENT PRODUCTS;PRSMJOHNSN;Nifty Smallcap 250;4452.0;88.45;158.95;74.9;21.31;28.76;0.0;11.48;7.05;-1.12
430;Radico Khaitan Ltd;CONSUMER GOODS;RADICO;Nifty Smallcap 250;5298.0;397.45;500.0;195.0;91.7;31.9;0.25;14.38;11.38;8.67
431;Rain Industries Ltd;CHEMICALS;RAIN;Nifty Smallcap 250;6280.0;186.7;475.5;148.65;27.25;106.69;1.07;4.26;3.48;97.58
432;Rallis India Ltd.;FERTILISERS & PESTICIDES;RALLIS;Nifty Smallcap 250;3277.0;168.5;289.4;165.5;62.52;21.4;1.48;16.76;12.27;0.13
433;Ramkrishna Forgings Ltd.;INDUSTRIAL MANUFACTURING;RKFORGE;Nifty Smallcap 250;1907.0;585.05;891.0;528.0;250.46;15.56;0.17;13.71;15.43;24.57
434;Rashtriya Chemicals & Fertilizers Ltd.;FERTILISERS & PESTICIDES;RCF;Nifty Smallcap 250;3415.0;61.9;111.5;54.8;53.1;32.64;0.97;4.26;2.66;-1.76
435;Raymond Ltd.;TEXTILES;RAYMOND;Nifty Smallcap 250;4657.0;758.65;1151.7;593.55;214.24;71.29;0.4;7.91;4.44;4.42
436;Redington (India) Ltd.;SERVICES;REDINGTON;Nifty Smallcap 250;3445.0;86.1;210.05;78.45;41.5;22.52;2.79;15.5;11.04;8.28
437;Relaxo Footwears Ltd.;CONSUMER GOODS;RELAXO;Nifty Smallcap 250;9533.0;792.1;874.0;532.5;68.77;53.84;0.19;29.63;23.51;10.74
438;Reliance Communications Ltd.;TELECOM;RCOM;Nifty Smallcap 250;3899.0;14.1;41.77;9.55;33.69;;0.0;-18.27;-57.75;-42.81
439;Reliance Home Finance Ltd.;FINANCIAL SERVICES;RHFL;Nifty Smallcap 250;2166.0;44.65;104.5;35.8;38.76;9.58;2.24;10.21;12.15;48.27
440;Reliance Naval and Engineering Ltd.;INDUSTRIAL MANUFACTURING;RNAVAL;Nifty Smallcap 250;1044.0;14.15;72.6;11.0;-6.61;;0.0;-3.08;-114.0;-26.12
441;Repco Home Finance Ltd.;FINANCIAL SERVICES;REPCOHOME;Nifty Smallcap 250;2533.0;404.95;739.0;292.5;212.32;11.42;0.54;10.6;16.72;16.94
442;Rupa & Company Ltd.;TEXTILES;RUPA;Nifty Smallcap 250;2379.0;299.1;512.7;246.65;64.25;24.88;1.0;27.01;19.84;5.13
443;S H Kelkar and Company Ltd.;CONSUMER GOODS;SHK;Nifty Smallcap 250;2665.0;184.3;313.5;166.0;41.67;42.52;0.95;16.54;10.87;13.12
444;SREI Infrastructure Finance Ltd.;FINANCIAL SERVICES;SREINFRA;Nifty Smallcap 250;1778.0;35.35;118.2;25.4;58.88;14.22;1.41;9.19;4.23;-2.28
445;Sadbhav Engineering Ltd.;CONSTRUCTION;SADBHAV;Nifty Smallcap 250;3617.0;210.8;438.85;190.0;108.81;15.82;0.47;11.82;12.27;5.68
446;Sadbhav Infrastructure Project Ltd.;CONSTRUCTION;SADBHIN;Nifty Smallcap 250;3728.0;105.85;157.5;91.1;39.8;51.73;4.72;10.13;5.13;68.9
447;Schaeffler India Ltd.;INDUSTRIAL MANUFACTURING;SCHAEFFLER;Nifty Smallcap 250;8390.0;5048.0;5960.0;4599.0;1020.0;19.91;0.34;22.95;14.99;5.98
448;Security and Intelligence Services (India) Ltd.;SERVICES;SIS;Nifty Smallcap 250;6450.0;879.75;1404.8;780.2;88.07;72.57;0.4;16.48;17.82;27.34
449;Shankara Building Products Ltd.;METALS;SHANKARA;Nifty Smallcap 250;2521.0;1104.0;2365.0;985.45;138.59;64.19;0.29;17.5;12.68;9.34
450;Shilpa Medicare Ltd.;PHARMA;SHILPAMED;Nifty Smallcap 250;3213.0;394.05;685.0;357.95;141.91;21.45;0.18;12.03;11.32;9.45
451;Shipping Corporation of India Ltd.;SERVICES;SCI;Nifty Smallcap 250;2119.0;45.5;110.9;39.55;152.37;;0.0;1.26;3.77;-6.07
452;Shoppers Stop Ltd.;CONSUMER GOODS;SHOPERSTOP;Nifty Smallcap 250;4223.0;479.95;690.0;455.0;105.47;66.3;0.16;12.02;0.56;8.36
453;Shree Renuka Sugars Ltd.;CONSUMER GOODS;RENUKA;Nifty Smallcap 250;2540.0;13.25;18.88;9.69;2.28;;0.0;-10.9;-54.21;0.54
454;Sintex Plastics Technology Ltd.;INDUSTRIAL MANUFACTURING;SPTL;Nifty Smallcap 250;1606.0;25.45;95.4;25.3;12.96;351.42;0.0;0.6;0.6;
455;Sobha Ltd.;CONSTRUCTION;SOBHA;Nifty Smallcap 250;4295.0;452.85;687.0;380.5;275.93;22.34;1.55;9.95;7.54;2.92
456;Sonata Software Ltd.;IT;SONATSOFTW;Nifty Smallcap 250;3246.0;308.6;428.75;182.6;45.99;19.01;3.36;41.25;31.45;13.82
457;South Indian Bank Ltd.;FINANCIAL SERVICES;SOUTHBANK;Nifty Smallcap 250;2660.0;14.7;34.75;12.45;27.63;8.25;2.72;6.15;6.97;5.42
458;Star Cement Ltd.;CEMENT & CEMENT PRODUCTS;STARCEMENT;Nifty Smallcap 250;4402.0;105.0;151.35;85.0;20.0;19.28;0.95;21.56;28.75;9.54
459;Strides Pharma Science Ltd.;PHARMA;STAR;Nifty Smallcap 250;3760.0;419.85;875.73;334.1;346.52;4.26;0.48;23.52;28.82;16.5
460;Sudarshan Chemical Industries Ltd.;CHEMICALS;SUDARSCHEM;Nifty Smallcap 250;2598.0;375.25;633.8;300.2;81.27;26.82;0.93;19.82;21.16;7.13
461;Sunteck Realty Ltd.;CONSTRUCTION;SUNTECK;Nifty Smallcap 250;5092.0;348.05;526.0;295.65;109.53;35.4;0.43;9.26;9.66;23.62
462;Suven Life Sciences Ltd.;PHARMA;SUVEN;Nifty Smallcap 250;3008.0;236.3;337.7;163.3;68.09;17.93;0.63;25.09;17.94;6.28
463;Suzlon Energy Ltd.;INDUSTRIAL MANUFACTURING;SUZLON;Nifty Smallcap 250;3351.0;6.3;17.15;5.05;0.66;;0.0;7.69;-95.22;39.52
464;Swan Energy Ltd.;TEXTILES;SWANENERGY;Nifty Smallcap 250;2484.0;101.7;235.0;94.1;39.38;24.08;0.1;2.39;-0.14;1.76
465;Syndicate Bank;FINANCIAL SERVICES;SYNDIBANK;Nifty Smallcap 250;4868.0;34.35;95.65;29.55;94.49;;0.0;3.57;-24.81;0.25
466;TTK Prestige Ltd.;CONSUMER GOODS;TTKPRESTIG;Nifty Smallcap 250;7881.0;6823.0;8911.2;5500.0;912.01;46.26;0.44;24.38;17.48;10.06
467;TV Today Network Ltd.;MEDIA & ENTERTAINMENT;TVTODAY;Nifty Smallcap 250;2368.0;396.9;557.95;341.95;130.21;16.69;0.57;29.82;19.52;13.19
468;TVS Srichakra Ltd.;AUTOMOBILE;TVSSRICHAK;Nifty Smallcap 250;1979.0;2583.0;4020.0;2251.0;854.13;14.8;1.55;21.61;19.14;4.32
469;Take Solutions Ltd.;IT;TAKE;Nifty Smallcap 250;2270.0;153.45;308.3;141.7;54.29;40.67;1.04;2.44;2.35;-54.49
470;Tamil Nadu Newsprint & Papers Ltd.;PAPER;TNPL;Nifty Smallcap 250;1884.0;272.2;499.0;223.1;231.63;26.28;1.84;5.06;-2.55;13.2
471;Tata Coffee Ltd.;CONSUMER GOODS;TATACOFFEE;Nifty Smallcap 250;1815.0;97.2;183.45;91.8;49.46;38.57;1.54;7.75;6.05;0.97
472;Tata Elxsi Ltd.;IT;TATAELXSI;Nifty Smallcap 250;6522.0;1047.0;1491.75;841.75;129.54;22.83;1.05;56.53;37.2;17.74
473;Tata Investment Corporation Ltd.;FINANCIAL SERVICES;TATAINVEST;Nifty Smallcap 250;3895.0;706.85;955.0;654.0;1417.0;20.47;2.83;11.29;9.48;10.27
474;Tata Sponge Iron Ltd.;METALS;TATASPONGE;Nifty Smallcap 250;1246.0;809.2;1248.0;775.0;669.87;8.0;2.47;23.06;15.22;0.44
475;Teamlease Services Ltd.;SERVICES;TEAMLEASE;Nifty Smallcap 250;4535.0;2652.0;3338.85;1597.15;216.42;54.93;0.0;16.37;16.65;25.06
476;Texmaco Rail & Eng. Ltd.;INDUSTRIAL MANUFACTURING;TEXRAIL;Nifty Smallcap 250;1365.0;62.05;128.8;54.0;48.35;29.46;0.4;4.26;0.89;28.33
477;Thyrocare Technologies Ltd.;HEALTHCARE SERVICES;THYROCARE;Nifty Smallcap 250;2946.0;548.45;725.0;547.7;84.48;29.97;1.82;34.52;22.3;22.59
478;Time Technoplast Ltd.;INDUSTRIAL MANUFACTURING;TIMETECHNO;Nifty Smallcap 250;2682.0;118.6;232.6;109.15;55.35;22.43;0.67;11.5;9.39;10.41
479;Timken India Ltd.;INDUSTRIAL MANUFACTURING;TIMKEN;Nifty Smallcap 250;3965.0;527.1;1008.0;510.0;93.37;38.97;0.17;20.95;13.93;10.03
480;Trident Ltd.;TEXTILES;TRIDENT;Nifty Smallcap 250;3417.0;67.05;103.45;51.0;59.43;11.69;2.24;9.05;9.37;6.91
481;Tube Investments of India Ltd.;AUTOMOBILE;TIINDIA;Nifty Smallcap 250;5522.0;294.25;324.0;211.0;70.2;29.7;0.59;14.54;12.96;
482;UCO Bank;FINANCIAL SERVICES;UCOBANK;Nifty Smallcap 250;7277.0;18.4;36.75;15.3;18.9;;0.0;4.23;-52.97;-10.2
483;UFLEX Ltd.;INDUSTRIAL MANUFACTURING;UFLEX;Nifty Smallcap 250;2184.0;302.5;506.75;245.4;293.32;29.76;0.66;7.48;4.85;5.34
484;Ujjivan Financial Services Ltd.;FINANCIAL SERVICES;UJJIVAN;Nifty Smallcap 250;2624.0;216.85;432.05;166.8;144.97;;0.23;0.17;0.02;-76.74
485;Unichem Laboratories Ltd.;PHARMA;UNICHEMLAB;Nifty Smallcap 250;1522.0;216.3;382.0;182.0;385.79;0.61;2.31;-6.08;-5.59;-15.03
486;V-Mart Retail Ltd.;CONSUMER GOODS;VMART;Nifty Smallcap 250;5039.0;2780.0;3298.0;1192.0;202.62;68.61;0.07;34.55;24.93;19.28
487;V.I.P. Industries Ltd.;CONSUMER GOODS;VIPIND;Nifty Smallcap 250;6649.0;470.5;645.05;276.35;33.4;47.29;0.64;41.82;27.26;11.48
488;VRL Logistics Ltd.;SERVICES;VRLLOG;Nifty Smallcap 250;2473.0;273.75;492.0;248.5;70.72;30.14;0.0;21.59;16.29;4.74
489;Va Tech Wabag Ltd.;SERVICES;WABAG;Nifty Smallcap 250;1500.0;274.45;650.0;247.6;167.72;13.49;1.46;19.19;13.46;14.6
490;Vardhman Textiles Ltd.;TEXTILES;VTL;Nifty Smallcap 250;6037.0;1051.0;1565.1;922.0;806.33;10.93;1.43;10.87;10.8;0.7
491;Venky's (India) Ltd.;CONSUMER GOODS;VENKEYS;Nifty Smallcap 250;3977.0;2823.0;4711.25;1788.0;511.92;18.17;0.28;36.17;32.06;15.82
492;Vijaya Bank;FINANCIAL SERVICES;VIJAYABANK;Nifty Smallcap 250;5634.0;43.2;76.5;40.35;75.43;9.86;2.78;5.69;8.48;0.85
493;Vinati Organics Ltd.;CHEMICALS;VINATIORGA;Nifty Smallcap 250;7706.0;1500.0;1624.0;760.05;174.75;36.19;0.3;27.52;19.5;-1.24
494;Welspun Corp Ltd.;METALS;WELCORP;Nifty Smallcap 250;3712.0;139.95;197.0;103.3;72.08;86.42;0.36;9.9;5.54;1.76
495;Welspun India Ltd.;TEXTILES;WELSPUNIND;Nifty Smallcap 250;6114.0;60.85;82.5;48.9;24.85;20.05;1.07;9.49;13.02;4.27
496;Wockhardt Ltd.;PHARMA;WOCKPHARMA;Nifty Smallcap 250;5658.0;511.2;1012.0;437.1;116.97;36.47;0.0;8.54;5.46;9.51
497;Zensar Technolgies Ltd.;IT;ZENSARTECH;Nifty Smallcap 250;5828.0;258.9;352.4;145.98;60.43;24.51;0.93;22.29;16.15;5.99
498;Zydus Wellness Ltd.;CONSUMER GOODS;ZYDUSWELL;Nifty Smallcap 250;4611.0;1180.0;1830.0;875.8;184.39;33.12;0.68;20.57;21.09;6.43
499;eClerx Services Ltd.;IT;ECLERX;Nifty Smallcap 250;4147.0;1072.0;1608.0;1000.0;297.04;17.84;0.09;31.07;23.91;11.81
